time_tick,lac_X_value,lac_Y_value,lac_Z_value,turn,success,hoop
-0.003062,-0.108705,0.284443,-0.097427,1,0,0
0.03657,-0.304964,-0.037255,-0.086374,1,0,0
0.071238,-0.142644,0.060742,0.016076,1,0,0
0.100993,0.156398,0.037799,-0.068522,1,0,0
0.135722,0.030994,0.128173,-0.085188,1,0,0
0.17039,-0.191322,0.023884,-0.109889,1,0,0
0.205119,0.199497,0.15357,-0.064054,1,0,0
0.239787,0.046888,0.147906,-0.078172,1,0,0
0.269542,-0.044369,0.037884,-0.218239,1,0,0
0.30424,-0.215558,0.035735,-0.048446,1,0,0
0.338939,0.026412,-0.061128,0.047847,1,0,0
0.368693,0.236655,-0.162627,0.088404,1,0,0
0.403392,0.303983,-0.127939,0.043888,1,0,0
0.43809,0.47297,-0.181937,0.054378,1,0,0
0.467814,0.379716,0.027902,0.147107,1,0,0
0.502543,0.282913,0.152324,0.035345,1,0,0
0.537211,0.249879,0.282482,0.12568,1,0,0
0.57194,-0.061773,0.300641,0.18102,1,0,0
0.601695,-0.237405,0.095374,0.092471,1,0,0
0.636363,-0.280061,0.088011,-0.034858,1,0,0
0.671092,-0.504723,0.063049,0.172543,1,0,0
0.70576,-0.274058,-0.264072,0.160591,1,0,0
0.735514,-0.343561,-0.271742,0.251874,1,0,0
0.770213,-0.473541,-0.364806,0.193019,1,0,0
0.804911,-0.784937,-0.171043,-0.052443,1,0,0
0.834666,-0.954923,-0.320457,-0.274795,1,0,0
0.869365,-0.7371,-0.251223,-0.262776,1,0,0
0.904063,-0.680409,-0.033991,-0.362374,1,0,0
0.938762,-0.211097,-0.346548,-0.521078,1,0,0
0.968516,0.247821,-0.233585,-0.14437,1,0,0
1.003184,0.311896,-0.030544,-0.135457,1,0,0
1.037911,0.434936,-0.096339,0.053631,1,0,0
1.072579,0.704371,-0.264933,0.067945,1,0,0
1.102334,0.4615,-0.003094,0.122268,1,0,0
1.137063,0.337435,-0.045651,0.095361,1,0,0
1.171731,0.49658,-0.104635,0.237436,1,0,0
1.201485,0.458819,-0.004425,0.154822,1,0,0
1.236184,0.876029,0.031151,0.190408,1,0,0
1.270882,0.674344,0.130445,0.539458,1,0,0
1.305581,0.353441,0.466658,0.52093,1,0,0
1.340279,0.904001,0.170178,0.091373,1,0,0
1.370034,0.729926,-0.271307,0.144835,1,0,0
1.404732,0.458056,-0.26239,0.003296,1,0,0
1.439431,0.541572,0.230285,0.014409,1,0,0
1.469155,-0.190796,0.14992,0.330305,1,0,0
1.503884,-0.395252,0.452066,-0.02724,1,0,0
1.538552,0.858848,0.787861,0.437675,1,0,0
1.568307,-0.049127,0.35247,0.379748,1,0,0
1.603036,-0.307125,0.549063,0.342169,1,0,0
1.637704,-0.230024,1.143703,0.380679,1,0,0
1.672433,-0.24599,0.788088,0.325982,1,0,0
1.707101,0.408028,0.268762,0.829444,1,0,0
1.736855,0.965809,0.941543,0.577043,1,0,0
1.771554,1.223547,0.546151,-0.262142,1,0,0
1.806252,0.626206,1.504781,-0.235263,1,0,0
1.836007,-0.307394,1.145961,-0.657811,1,0,0
1.870705,-0.283428,1.168647,-1.050095,1,0,0
1.905404,0.433213,1.079078,-1.127131,1,0,0
1.935128,0.675524,0.214529,-1.428632,1,0,0
1.969857,-0.204193,1.655809,-1.057136,1,0,0
2.004525,-2.554204,0.984528,-1.363803,1,0,0
2.03428,-3.915795,0.64322,0.086647,1,0,0
2.069003,-10.738769,-1.151496,0.097349,1,0,0
2.103671,-23.871508,-4.602205,1.393886,1,0,0
2.1384,-29.162894,-5.439194,-7.834123,1,0,0
2.173068,-10.963964,-12.657025,-2.993307,1,0,0
2.202822,-9.528396,-15.734154,-2.90653,1,0,0
2.237521,-7.591501,-15.486972,-2.264916,1,0,0
2.272219,18.80446,-14.718544,-1.153371,1,0,0
2.301974,45.049573,-12.414448,-6.05987,1,0,0
2.336672,14.308868,-8.277173,-17.284753,1,0,0
2.371371,13.71152,3.843899,-3.192484,1,0,0
2.406069,8.136029,-2.504428,-1.879302,1,0,0
2.435824,3.798692,-1.507626,-3.172533,1,0,0
2.470492,3.583003,-1.819737,-1.981757,1,0,0
2.505221,2.381873,-1.582535,-1.031869,1,0,0
2.539889,-1.434711,-0.854581,-0.95499,1,0,0
2.569643,-4.288897,-1.369108,-1.952656,1,0,0
2.604372,-2.846273,-3.095626,-0.573348,1,0,0
2.63904,0.686734,-5.388632,0.940443,1,0,0
2.668795,1.554041,-4.47222,0.501598,1,0,0
2.703494,1.961041,-2.800013,1.126642,1,0,0
2.738192,2.378592,-3.165275,-0.517051,1,0,0
2.767947,0.877003,-4.193084,1.108052,1,0,0
2.802645,-0.236347,-2.905435,1.366691,1,0,0
2.837344,-1.607081,-1.421328,2.604909,1,0,0
2.872042,-4.093891,0.550968,1.790603,1,0,0
2.906741,-5.032865,-2.048598,0.288087,1,0,0
2.936465,-3.835342,0.742508,0.906665,1,0,0
2.971194,-2.573212,1.159051,-0.763249,1,0,0
3.005862,0.545271,-0.067433,-0.378876,1,0,0
3.035616,1.127253,0.839123,0.882221,1,0,0
3.070313,0.326274,1.22675,-0.113728,1,0,0
3.104981,0.10566,1.116089,0.321127,1,0,0
3.134736,-0.116228,0.734292,0.897691,1,0,0
3.169434,-0.308648,0.155307,0.918333,1,0,0
3.204133,0.063419,0.639432,0.697961,1,0,0
3.238831,0.112135,0.439921,0.214171,1,0,0
3.268586,-0.030147,0.94728,-0.150726,1,0,0
3.303285,0.090214,0.94316,-0.465506,1,0,0
3.337983,0.694926,-1.008961,-0.740999,1,0,0
3.372682,0.745345,-1.122025,0.381024,1,0,0
3.402406,0.585318,-1.274108,0.42263,1,0,0
3.437135,1.496946,-1.674401,0.216769,1,0,0
3.471803,3.200186,-0.882918,-0.111419,1,0,0
3.501557,3.831313,0.180552,-0.726548,1,0,0
3.536286,3.796367,-0.441174,-1.245347,1,0,0
3.570954,2.611869,-1.418306,-1.861852,1,0,0
3.605683,1.717927,0.256255,-2.009144,1,0,0
3.635407,1.149088,1.30879,-2.260103,1,0,0
3.670106,0.318193,0.32542,-1.983773,1,0,0
3.704804,-0.337034,0.021468,-1.410577,1,0,0
3.739503,-2.203827,0.455673,-0.772426,1,0,0
3.769257,-3.541636,-0.715015,-0.224305,1,0,0
3.803956,-3.635499,-1.18656,0.514369,1,0,0
3.838654,-2.808282,-0.516294,0.805836,1,0,0
3.868379,-2.529148,-0.258022,0.369809,1,0,0
3.903108,-2.14618,-0.08734,0.131445,1,0,0
3.937775,-1.302497,0.49454,-0.451529,1,0,0
3.972504,-0.788137,1.447552,0.13753,1,0,0
4.007172,-0.218537,0.406063,-0.045396,1,0,0
4.036927,-0.055174,-0.176338,-0.084597,1,0,0
4.071649,0.246606,-0.483601,0.505038,1,0,0
4.106317,0.33543,-1.042274,0.888968,1,0,0
4.136072,0.275834,-0.707702,0.807602,1,0,0
4.17077,-0.596789,-0.253666,0.402398,1,0,0
4.205469,-1.562649,0.267565,-0.031547,1,0,0
4.235223,-1.531134,0.62258,-0.226915,1,0,0
4.269922,-1.105837,0.243172,-0.251784,1,0,0
4.30462,-1.023799,-0.01031,-0.166972,1,0,0
4.339319,-0.947505,0.500931,-0.026365,1,0,0
4.369073,-0.79979,0.19494,-0.28797,1,0,0
4.403741,-0.736794,-0.060855,-0.357444,1,0,0
4.43847,-0.6234,-0.071266,-0.291417,1,0,0
4.473138,-0.398294,0.17146,-0.266586,1,0,0
4.502893,-0.010122,0.246615,-0.33515,1,0,0
4.537622,0.433534,0.108824,-0.241265,1,0,0
4.57229,0.85049,0.152393,-0.032508,1,0,0
4.602045,0.845718,0.112991,0.028753,1,0,0
4.636743,0.739733,-0.134056,0.271554,1,0,0
4.671442,0.718506,-0.077121,0.579314,1,0,0
4.70614,0.709957,-0.190469,0.397629,1,0,0
4.735895,0.649012,-0.366702,0.181232,1,0,0
4.770593,0.757095,-0.343436,0.277584,1,0,0
4.805292,0.6858,-0.061677,0.223213,1,0,0
4.83999,0.501611,0.058664,-0.159682,1,0,0
4.869714,0.476322,-0.122337,-0.020134,1,0,0
4.904443,0.195878,-0.101043,0.021124,1,0,0
4.939111,-0.181551,-0.22456,-0.11077,1,0,0
4.968866,-0.195934,-0.396717,-0.221016,1,0,0
5.003595,-0.118372,-0.179145,-0.18722,1,0,0
5.038263,-0.199744,-0.429273,0.209167,1,0,0
5.068003,-1.065351,-0.252869,-0.180117,1,0,0
5.102701,-1.744756,0.03673,-0.348196,1,0,0
5.137399,-1.777943,-0.234101,-0.735694,1,0,0
5.172098,-1.381671,0.098439,-1.202178,1,0,0
5.206796,-0.836839,0.3168,-1.434238,1,0,0
5.236551,0.481511,-0.359782,-0.86977,1,0,0
5.27125,0.928136,-0.516017,-1.090513,1,0,0
5.305948,0.97127,-0.21352,0.275825,1,0,0
5.335672,1.597092,-0.169664,0.271714,1,0,0
5.370401,4.251437,-0.926534,0.867292,1,0,0
5.405069,2.822365,-1.74355,2.885344,1,0,0
5.434824,-1.974199,-0.345274,1.261869,1,0,0
5.469553,-2.611057,-0.967154,-0.612463,1,0,0
5.504221,-2.082293,-0.686328,-0.07791,1,0,0
5.53895,-1.249337,-0.445323,-0.477747,1,0,0
5.568674,0.076137,-0.882013,-0.8711,1,0,0
5.603372,0.768193,-0.440426,-1.1241,2,0,1
5.638071,-0.446115,-0.022024,-1.616034,2,0,1
5.672769,-1.074776,-0.390255,-1.648664,2,0,1
5.702524,-0.787541,0.055905,-2.256565,2,0,1
5.737222,-0.651134,-0.437342,-1.948466,2,0,1
5.771921,0.612848,-0.15091,-0.654753,2,0,1
5.801645,1.644631,-0.542964,-0.051752,2,0,1
5.836374,0.382408,-1.350378,1.504318,2,0,1
5.871042,0.802891,-0.835333,0.540081,2,0,1
5.905771,1.633504,-1.312068,1.409042,2,0,1
5.935526,1.564588,-1.688293,1.730342,2,0,1
5.970194,1.127891,-0.716132,1.096397,2,0,1
6.004923,0.952815,-0.653616,0.303894,2,0,1
6.039591,0.78494,-0.411883,-0.400154,2,0,1
6.069329,0.926422,0.096097,-0.498343,2,0,1
6.104028,1.085993,0.227304,-0.231287,2,0,1
6.138726,0.285994,0.160959,-0.530596,2,0,1
6.168481,0.554096,0.401546,-0.813837,2,0,1
6.203179,0.713624,0.113897,-0.351612,2,0,1
6.237878,-0.418998,0.218578,-0.405998,2,0,1
6.272576,0.4643,0.413106,-0.170446,2,0,1
6.302331,-0.133429,-0.408763,-0.42627,2,0,1
6.336999,-0.332417,-0.039058,-0.240755,2,0,1
6.371728,-0.508742,-0.118896,0.552696,2,0,1
6.406396,-0.757761,-0.010873,-0.209496,2,0,1
6.436151,0.157357,-0.107334,-0.077868,2,0,1
6.47088,0.46186,-0.472963,0.297319,2,0,1
6.505548,-0.07133,-0.382876,0.26399,2,0,1
6.535302,0.118669,-0.243828,0.088033,2,0,1
6.570001,0.143447,-0.440067,-0.517685,2,0,1
6.604699,0.627139,-0.090156,0.319893,2,0,1
6.639398,0.094103,-0.425376,-0.353398,2,0,1
6.669152,0.10584,-0.351553,-0.665063,2,0,1
6.703851,0.629205,0.023347,-0.022712,2,0,1
6.738549,0.444411,-0.044974,-0.469335,2,0,1
6.773248,0.528712,0.368322,0.095789,2,0,1
6.802972,0.806577,0.415068,0.137571,2,0,1
6.837701,0.61344,0.334217,-0.11725,2,0,1
6.872369,0.350623,0.260206,-0.111795,2,0,1
6.902123,-0.078052,0.104809,-0.433241,2,0,1
6.936852,-0.518521,0.042331,0.021776,2,0,1
6.97152,-0.687052,-0.119633,0.249892,2,0,1
7.001275,-0.521484,0.041221,0.235757,2,0,1
7.035974,-0.514828,-0.275528,0.146047,2,0,1
7.070654,-0.327483,-0.211162,0.358847,2,0,1
7.105353,-0.223702,0.010916,0.333652,2,0,1
7.135107,-0.183756,-0.149249,0.182758,2,0,1
7.169806,0.20019,-0.020852,0.259441,2,0,1
7.204504,0.344593,-0.099405,0.062682,2,0,1
7.239203,0.47069,0.131439,-0.024834,2,0,1
7.268927,0.452697,0.086604,-0.053996,2,0,1
7.303656,0.39214,0.102842,0.236012,2,0,1
7.338324,0.131492,0.22694,0.010941,2,0,1
7.368078,0.260675,0.440903,0.132241,2,0,1
7.402807,0.00989,0.579285,0.054493,2,0,1
7.437475,-0.070635,0.304026,0.060001,2,0,1
7.472204,0.198407,0.363068,0.17374,2,0,1
7.506872,0.312301,0.263811,0.293889,2,0,1
7.536627,0.411532,0.159674,0.300234,2,0,1
7.571325,0.710566,0.636446,0.483324,2,0,1
7.606024,0.787992,0.577022,0.560676,2,0,1
7.635779,0.834726,0.680413,0.440347,2,0,1
7.670477,1.052163,1.067708,0.545696,2,0,1
7.705176,0.718614,0.011486,0.454472,2,0,1
7.7349,1.06783,0.642385,0.321172,2,0,1
7.769629,0.466643,0.888016,0.090009,2,0,1
7.804297,-0.882,1.031084,-0.384828,2,0,1
7.839026,-1.574408,1.250226,-0.782148,2,0,1
7.86878,-1.066217,1.279166,-1.231823,2,0,1
7.903448,-0.89894,0.395328,-0.587646,2,0,1
7.938177,-3.624215,0.530748,0.506081,2,0,1
7.972845,-17.519691,-3.003467,0.800556,2,0,1
8.0026,-28.839141,-1.083924,-9.177459,2,0,1
8.037298,-13.055933,-10.733555,-3.130126,2,0,1
8.071983,-16.643623,-12.764453,-6.196132,2,0,1
8.101737,-12.140864,-13.440373,-3.887553,2,0,1
8.136436,-8.790577,-19.493316,-5.347234,2,0,1
8.171134,15.699805,-16.206237,-10.080484,2,0,1
8.205833,46.347474,-15.345997,-6.544113,2,0,1
8.240531,14.736533,-8.226772,-13.148803,2,0,1
8.270256,6.802104,5.777272,-0.407466,2,0,1
8.304985,7.858175,-5.046314,1.864097,2,0,1
8.339653,-2.805254,0.423348,-0.521059,2,0,1
8.369407,1.259439,-1.754495,1.641807,2,0,1
8.404136,0.866628,-2.244076,1.477776,2,0,1
8.438804,-2.550433,-1.393549,-0.177109,2,0,1
8.468559,-3.956026,-2.462193,-0.71048,2,0,1
8.503257,-3.517602,-2.483964,-1.727951,2,0,1
8.537956,-1.218658,-1.824266,-0.315447,2,0,1
8.572654,-0.742182,-1.433315,-1.06569,2,0,1
8.602409,-0.339842,-0.989538,-2.519764,2,0,1
8.637107,1.0775,-3.254666,-0.818402,2,0,1
8.671806,0.893881,-3.232507,-0.712524,2,0,1
8.706504,-1.524146,-1.391533,-0.494893,2,0,1
8.736228,-1.811492,-2.59676,0.881272,2,0,1
8.770957,-0.875423,-1.493287,0.890975,2,0,1
8.805625,-0.794708,1.174607,1.077904,2,0,1
8.83538,-0.637476,0.675613,0.856084,2,0,1
8.870109,-0.266802,-0.120984,-0.270186,2,0,1
8.904777,1.084302,-0.260952,-1.727506,2,0,1
8.939506,2.203638,-0.38376,-1.515561,2,0,1
8.96923,3.023393,0.128746,-1.889207,2,0,1
9.003929,3.129031,0.241058,-1.690149,2,0,1
9.038627,2.906934,-0.021528,-1.245501,2,0,1
9.073284,1.425193,-1.67316,-0.429851,2,0,1
9.103037,-0.036911,-2.70001,-0.338982,2,0,1
9.137737,-1.030429,-1.493924,0.070715,2,0,1
9.172435,-1.34628,-0.951426,0.623803,2,0,1
9.202159,-1.605958,-1.073681,0.202735,2,0,1
9.236888,-1.677245,-0.727258,0.204815,2,0,1
9.271555,-0.885539,-0.767062,0.936176,2,0,1
9.301311,-0.841847,-0.509086,0.915617,2,0,1
9.33604,-1.3694,-0.212563,0.876118,2,0,1
9.370708,-1.193659,0.191045,0.405031,2,0,1
9.405437,-0.718585,-0.031249,0.220792,2,0,1
9.440105,-0.436863,0.097464,0.590581,2,0,1
9.46986,-0.918306,0.399715,0.209928,2,0,1
9.504558,-1.253066,-0.055499,0.141374,2,0,1
9.539257,-1.240639,0.040886,0.03979,2,0,1
9.569011,-1.20337,0.354529,0.186602,2,0,1
9.603709,-0.835347,0.515995,0.282332,2,0,1
9.638407,-0.933924,-0.051993,-0.041799,2,0,1
9.673107,-0.982232,0.186226,-0.158521,2,0,1
9.702861,-0.778596,0.17979,-0.202318,2,0,1
9.737529,-0.419547,0.408144,-0.122029,2,0,1
9.772258,-0.352437,0.459088,-0.189671,2,0,1
9.801982,-0.136938,0.464539,-0.287875,2,0,1
9.836681,-0.113019,0.396556,-0.402055,2,0,1
9.87141,-0.205642,0.275388,-0.328285,2,0,1
9.906078,-0.2456,0.02025,-0.295316,2,0,1
9.935832,-0.219249,-0.013076,-0.251834,2,0,1
9.97053,-0.12712,0.116334,-0.222788,2,0,1
10.005228,-0.06922,0.108789,-0.10555,2,0,1
10.034954,-0.109609,0.0461,0.054981,2,0,1
10.069669,-0.365211,-0.002586,-0.053103,2,0,1
10.104366,-0.560877,-0.075361,0.001755,2,0,1
10.139065,-0.443729,-0.117609,0.092944,2,0,1
10.173764,-0.218654,-0.181332,-0.010228,2,0,1
10.203488,-0.168989,-0.188455,0.020849,2,0,1
10.238217,-0.212366,-0.183091,0.065509,2,0,1
10.272885,-0.173278,-0.135075,-0.000091,2,0,1
10.297696,-0.085975,-0.182089,-0.070608,2,0,1
10.337369,0.190037,-0.095409,-0.13034,2,0,1
10.372037,0.394939,-0.055988,-0.091449,2,0,1
10.401791,0.528717,-0.032708,0.123656,2,0,1
10.436489,0.594859,-0.128055,0.140758,2,0,1
10.471187,0.529484,-0.184918,0.091764,2,0,1
10.505887,0.555463,-0.192988,0.171273,2,0,1
10.535641,0.718144,-0.14121,0.311957,2,0,1
10.57034,0.796925,-0.140098,0.265678,2,0,1
10.605038,0.234372,-0.367141,0.15086,2,0,1
10.639736,-0.085135,0.022177,0.042845,2,0,1
10.669461,-0.070085,-0.086044,-0.110658,2,0,1
10.70419,0.088705,-0.060956,-0.148125,2,0,1
10.738858,0.381159,0.057923,-0.099084,2,0,1
10.768612,0.49031,0.017223,-0.155967,2,0,1
10.803341,0.595474,0.111117,-0.175724,2,0,1
10.83801,0.558151,-0.121785,-0.225543,2,0,1
10.872739,0.443229,-0.16321,-0.20206,2,0,1
10.902463,0.253955,-0.150185,-0.082109,2,0,1
10.937161,0.219204,-0.024764,0.14673,2,0,1
10.971859,0.070333,-0.077151,0.087111,2,0,1
11.006557,-0.031601,-0.250019,-0.064962,2,0,1
11.036313,-0.1081,-0.086612,-0.035598,2,0,1
11.071016,-0.186848,0.031168,-0.020072,2,0,1
11.105715,-0.091248,0.148728,-0.077628,2,0,1
11.135439,0.018623,0.152505,-0.002524,2,0,1
11.170168,-0.160551,0.01972,0.008375,2,0,1
11.204836,-0.130366,-0.036723,0.042837,2,0,1
11.239565,-0.078394,-0.17738,0.046489,2,0,1
11.26932,0.025758,-0.080572,0.185051,2,0,1
11.303988,0.090971,0.412745,0.226107,2,0,1
11.338717,-0.008472,0.246641,0.086619,2,0,1
11.373384,-0.063284,0.101621,-0.024503,2,0,1
11.403139,-0.00917,0.310009,-0.00513,2,0,1
11.437838,-0.104917,0.270585,-0.016339,2,0,1
11.472536,-0.371444,-0.125178,0.028825,2,0,1
11.502291,-0.650931,-0.480309,-0.102709,2,0,1
11.536989,-0.652739,0.263468,0.075847,2,0,1
11.571688,-0.551581,0.258759,0.009889,2,0,1
11.601412,-0.518042,0.238143,-0.084721,2,0,1
11.636141,-0.579563,0.337156,-0.073787,2,0,1
11.670809,-0.657579,0.281345,-0.123166,2,0,1
11.705538,-0.628081,0.289583,0.001233,2,0,1
11.740206,-0.545768,0.491571,0.024003,2,0,1
11.76996,-0.354975,0.461421,-0.016738,2,0,1
11.804689,-0.099431,0.246545,-0.036806,2,0,1
11.839357,0.013157,0.137697,0.089278,2,0,1
11.869112,-0.075679,0.23682,0.229667,2,0,1
11.903811,-0.057471,0.336363,0.308056,2,0,1
11.938509,0.044755,0.07603,0.256755,2,0,1
11.968233,0.05087,-0.215253,0.129115,2,0,1
12.002962,-0.029206,-0.406191,0.091817,2,0,1
12.037661,0.057242,-0.371638,0.13434,2,0,1
12.072318,0.216209,-0.60036,0.030705,2,0,1
12.102073,0.427403,-1.210654,-0.120872,2,0,1
12.136741,0.758118,-1.161856,0.080517,2,0,1
12.17147,0.813978,-0.366339,0.13224,2,0,1
12.206138,1.08746,0.149529,-0.29516,2,0,1
12.235892,1.536559,-0.095571,-0.677526,2,0,1
12.270621,1.878118,0.032741,-0.822112,2,0,1
12.305289,1.708791,-0.139081,-0.715662,2,0,1
12.335044,1.208855,-0.096833,-0.509645,2,0,1
12.369742,1.064737,-0.146209,-0.3798,2,0,1
12.404441,1.156593,-0.218169,-0.337641,2,0,1
12.439139,1.107312,-0.120687,-0.294071,2,0,1
12.468894,0.933261,-0.251684,-0.408764,2,0,1
12.503592,0.842324,-0.105367,-0.384897,2,0,1
12.538291,0.658289,-0.104611,-0.364395,2,0,1
12.572989,0.718863,-0.164985,-0.349753,2,0,1
12.602714,0.727549,-0.187331,-0.254012,2,0,1
12.637443,0.536128,-0.166028,-0.124617,2,0,1
12.672111,0.105468,-0.225722,-0.09461,2,0,1
12.701865,-0.107723,0.075201,0.110881,2,0,1
12.736594,-0.254492,0.288731,0.258434,2,0,1
12.771262,-0.339941,-0.277479,0.193206,2,0,1
12.805991,-0.127095,-0.423979,0.148156,2,0,1
12.835715,0.018883,-0.43129,0.185016,2,0,1
12.870414,-0.194145,-0.507878,0.265973,2,0,1
12.905112,-0.346094,-0.023272,0.365334,2,0,1
12.939811,-0.266616,0.328117,0.29149,2,0,1
12.969565,-0.209478,0.12061,0.075973,2,0,1
13.004264,-0.192103,0.127275,0.038824,2,0,1
13.038962,-0.275609,0.023423,0.051176,2,0,1
13.068686,-0.460992,0.04094,0.153906,2,0,1
13.103415,-0.583884,0.092406,0.256149,2,0,1
13.138083,-0.594727,0.126895,0.255819,2,0,1
13.172812,-0.579067,0.125978,0.265405,2,0,1
13.202567,-0.419352,0.322458,0.400371,2,0,1
13.237235,-0.248916,0.314416,0.230195,2,0,1
13.271964,-0.142296,0.440838,-0.102721,2,0,1
13.306632,-0.157409,0.268101,-0.17672,2,0,1
13.336387,-0.012752,0.254266,-0.08551,2,0,1
13.371085,-0.004218,0.275443,0.012455,2,0,1
13.405784,-0.140491,0.041739,0.071005,2,0,1
13.435538,-0.079003,-0.109574,0.194629,2,0,1
13.470237,-0.09673,-0.139931,0.237034,2,0,1
13.504935,-0.356699,-0.093416,0.168056,2,0,1
13.534659,-0.302408,0.01628,0.106093,2,0,1
13.569388,-0.257415,0.141221,0.131193,2,0,1
13.604056,-0.443691,-0.003725,0.060359,2,0,1
13.638785,-0.472882,0.167555,-0.097552,2,0,1
13.673453,-0.013143,0.330379,0.152336,2,0,1
13.703208,0.495204,0.105564,0.149702,2,0,1
13.737937,0.318642,-0.166844,0.01086,2,0,1
13.772605,0.265616,0.580961,-0.231996,2,0,1
13.80236,0.171801,0.185103,-0.508043,2,0,1
13.837058,0.312432,0.032946,-0.371311,2,0,1
13.871757,0.09577,0.580125,-0.195149,2,0,1
13.901481,0.170195,0.177102,0.3124,2,0,1
13.93621,0.583432,0.102502,0.402463,2,0,1
13.970908,1.166735,-0.743404,1.085057,2,0,1
14.005607,2.630359,-1.809888,1.9863,2,0,1
14.040305,4.866689,-1.209085,1.359036,2,0,1
14.070019,2.522351,-2.053379,2.707178,2,0,1
14.104748,-1.229955,-1.202849,-1.002647,2,0,1
14.139416,0.057898,0.412575,-1.076054,2,0,1
14.169171,-0.805318,1.184426,-1.384265,2,0,1
14.2039,-0.178293,1.264351,-1.336746,2,0,1
14.238568,0.118322,-0.366947,-1.13403,3,1,1
14.268322,-0.2807,-0.341547,-0.868881,3,1,1
14.303021,-1.162699,0.321662,-0.925957,3,1,1
14.337719,-0.905831,0.206774,-0.274068,3,1,1
14.372418,-0.821254,-0.221836,-0.194677,3,1,1
14.402173,-0.607416,-0.197093,-0.04533,3,1,1
14.436871,-0.427491,-0.65077,0.393554,3,1,1
14.47157,-0.821042,-0.568718,0.456436,3,1,1
14.506268,-1.489213,-0.179519,0.026421,3,1,1
14.535992,-1.79455,0.199496,-0.206561,3,1,1
14.570721,-1.515621,0.144801,-0.336833,3,1,1
14.605389,-0.693111,0.600344,-0.153411,3,1,1
14.635144,-0.738312,0.675418,-0.129259,3,1,1
14.669873,-0.781036,0.858254,-0.106075,3,1,1
14.704541,-0.687343,0.838127,0.361587,3,1,1
14.734295,-1.128472,0.923156,0.335075,3,1,1
14.773938,-1.035607,0.851708,0.463936,3,1,1
14.803692,-0.750255,0.551123,0.559554,3,1,1
14.838391,-0.713116,0.39734,0.235719,3,1,1
14.873089,-0.484045,0.274351,0.411921,3,1,1
14.902844,-0.623,-0.090836,0.657866,3,1,1
14.937542,-0.943428,-0.573432,0.395665,3,1,1
14.972241,-0.904761,-1.055827,0.2019,3,1,1
15.001965,-1.030337,-0.705156,0.408402,3,1,1
15.036694,-0.884274,-1.038366,0.050553,3,1,1
15.071328,-0.084234,-1.260495,-0.30792,3,1,1
15.106057,0.508848,-1.298013,-0.811337,3,1,1
15.135812,1.004136,-1.600786,-0.757422,3,1,1
15.17048,1.201952,-1.349603,-0.409945,3,1,1
15.205209,1.808216,-1.583615,-0.304521,3,1,1
15.239877,1.22539,-1.377896,-0.785856,3,1,1
15.269631,1.018549,-0.86317,-0.985325,3,1,1
15.30433,1.116213,-0.841428,-0.605548,3,1,1
15.339028,0.843028,-0.903864,0.218849,3,1,1
15.368783,0.347427,-0.689367,0.555247,3,1,1
15.403481,0.178165,-0.783958,0.404104,3,1,1
15.43818,0.150269,-0.62871,0.344979,3,1,1
15.467904,0.253388,-0.456602,0.112914,3,1,1
15.502633,0.388304,-0.438989,-0.056402,3,1,1
15.537301,0.404533,-0.30552,0.204293,3,1,1
15.567056,0.24015,-0.138683,0.057893,3,1,1
15.606698,0.553111,0.027721,-0.079786,3,1,1
15.636453,0.797865,0.265186,0.006362,3,1,1
15.671182,0.415345,0.434584,0.143078,3,1,1
15.700906,0.478208,0.029403,-0.138614,3,1,1
15.735604,0.569025,0.273904,0.011985,3,1,1
15.770303,0.414294,0.151255,-0.197638,3,1,1
15.805001,0.399288,0.206526,0.056754,3,1,1
15.834725,0.301096,0.370208,0.107243,3,1,1
15.869454,0.400233,0.183413,0.100791,3,1,1
15.904153,0.323804,0.105588,0.374401,3,1,1
15.938851,0.201391,-0.056936,0.246384,3,1,1
15.968606,0.166343,-0.059727,0.188437,3,1,1
16.003274,0.247537,0.415697,0.350823,3,1,1
16.038003,0.119536,-0.016045,-0.361292,3,1,1
16.07266,0.034694,0.242519,-0.504894,3,1,1
16.102414,-0.293607,0.209619,-0.485909,3,1,1
16.137143,-0.410733,0.441583,-0.464772,3,1,1
16.171811,-0.524445,0.331711,-0.146863,3,1,1
16.201566,-0.565409,0.400756,-0.298207,3,1,1
16.236265,-0.210357,0.390264,-0.225641,3,1,1
16.270963,-0.261833,0.172906,-0.082658,3,1,1
16.305662,-0.324666,0.106971,-0.200462,3,1,1
16.34036,0.058288,0.209459,-0.156037,3,1,1
16.370115,0.123412,0.106852,-0.240538,3,1,1
16.404813,0.259728,0.268383,-0.007014,3,1,1
16.439512,0.390035,0.365614,-0.251886,3,1,1
16.469236,0.368983,0.359348,-0.682106,3,1,1
16.503965,0.256156,0.309018,-0.525447,3,1,1
16.538633,0.079863,0.158645,-0.107372,3,1,1
16.568387,-0.104486,-0.109855,-0.085945,3,1,1
16.603116,-0.018906,-0.026135,-0.05658,3,1,1
16.637784,0.06247,0.159186,0.149467,3,1,1
16.672513,0.18247,-0.040054,0.027429,3,1,1
16.707181,-0.251506,-0.125124,0.081055,3,1,1
16.736936,-0.334152,0.05475,0.174274,3,1,1
16.771634,-0.692474,-0.050788,0.143556,3,1,1
16.806333,-0.38869,-0.148547,0.171595,3,1,1
16.836088,-0.150192,0.043304,0.090147,3,1,1
16.870786,-0.057898,0.223256,0.466032,3,1,1
16.905485,0.306202,-0.203876,0.493295,3,1,1
16.935209,-0.45362,-0.252086,-0.315301,3,1,1
16.969938,-0.389217,-0.182869,-0.468899,3,1,1
17.004606,0.250013,-0.145095,0.254604,3,1,1
17.039335,-0.144253,-0.076798,0.037015,3,1,1
17.06906,-0.373782,-0.142195,-0.051296,3,1,1
17.103728,-0.813631,-0.032909,0.041947,3,1,1
17.138457,-0.054272,-0.24162,-0.725117,3,1,1
17.173125,0.214547,0.190696,-0.070439,3,1,1
17.20288,0.015025,0.049151,-0.043149,3,1,1
17.237578,0.258883,0.152912,-0.031994,3,1,1
17.272277,0.635774,0.256945,0.175304,3,1,1
17.302031,0.603831,0.301677,0.155074,3,1,1
17.33673,0.718102,0.35974,0.377072,3,1,1
17.371428,0.102939,0.153459,0.140215,3,1,1
17.406127,0.6043,0.137584,0.558712,3,1,1
17.435882,0.648754,0.055754,0.648235,3,1,1
17.47055,0.277138,0.050887,0.527764,3,1,1
17.505279,0.359377,0.84129,0.595278,3,1,1
17.539946,-0.161808,0.397876,0.395942,3,1,1
17.569701,0.226735,0.508762,0.219495,3,1,1
17.60443,-0.25228,0.95836,0.175264,3,1,1
17.639098,-0.378398,0.785493,-0.104234,3,1,1
17.668853,-0.472371,0.618841,-0.025817,3,1,1
17.703551,-0.245368,1.488311,-0.192003,3,1,1
17.73825,1.10131,0.878751,-0.563743,3,1,1
17.768004,1.253315,1.04902,-1.092148,3,1,1
17.802703,1.301026,1.373003,-1.566208,3,1,1
17.837401,0.244925,2.405611,-1.46132,3,1,1
17.8721,-1.200812,1.663083,-1.293697,3,1,1
17.906798,-3.340786,0.585467,0.384992,3,1,1
17.936522,-6.235275,-2.206158,0.877326,3,1,1
17.971251,-9.003937,-4.201273,1.982893,3,1,1
18.005919,-24.128321,-7.760481,1.30138,3,1,1
18.040648,-31.341499,-12.023456,-2.763626,3,1,1
18.08031,-14.04713,-16.133151,-6.126558,3,1,1
18.10506,-5.397454,-14.568765,-7.6708,3,1,1
18.134815,-3.034584,-15.13198,-6.422876,3,1,1
18.169513,2.778606,-26.382673,1.22602,3,1,1
18.204212,28.194683,-21.909455,8.184796,3,1,1
18.23891,44.911612,-14.534402,-17.309101,3,1,1
18.268665,6.159256,0.541172,-10.683639,3,1,1
18.303363,9.89539,-2.980049,-3.899554,3,1,1
18.338062,7.304488,-2.059645,-1.726216,3,1,1
18.37276,3.016603,0.786243,-1.241947,3,1,1
18.402484,6.112561,1.299177,-0.67426,3,1,1
18.437213,3.187816,1.136278,-0.714267,3,1,1
18.471881,-0.48538,-1.983426,-1.554278,3,1,1
18.501636,-1.264033,-3.595465,-1.160485,3,1,1
18.536365,-0.422475,-4.523538,-1.633633,3,1,1
18.571033,1.633493,-6.319576,0.37092,3,1,1
18.605762,1.82585,-5.822667,0.52714,3,1,1
18.635486,-0.349214,-7.242499,1.113586,3,1,1
18.670185,-2.151563,-6.404928,0.463942,3,1,1
18.704883,-3.203573,-5.224437,0.756734,3,1,1
18.739581,-2.329393,-4.990136,0.827198,3,1,1
18.769336,-2.802416,-4.679019,-0.071691,3,1,1
18.804035,-2.373856,-2.642142,-0.041159,3,1,1
18.838733,-2.172424,-1.992583,0.611399,3,1,1
18.868457,-2.551,-2.230596,-0.576141,3,1,1
18.903186,-3.186732,-1.051257,-1.364638,3,1,1
18.937854,-2.58909,-0.265448,-1.080122,3,1,1
18.972583,-1.168789,-0.362147,-1.059604,3,1,1
19.002338,-0.810288,0.001599,-1.693739,3,1,1
19.037006,-0.758395,0.315111,-1.433682,3,1,1
19.071732,-0.841986,0.563711,-1.066203,3,1,1
19.1064,-0.32412,0.692523,-0.99161,3,1,1
19.136154,1.107244,0.990888,-0.720148,3,1,1
19.170853,1.553241,1.037405,-0.894901,3,1,1
19.205551,1.272187,0.219662,-1.041582,3,1,1
19.235306,0.365375,-0.078419,-0.580663,3,1,1
19.270005,0.230232,0.197678,-0.499349,3,1,1
19.304703,-0.355811,-0.093423,-0.045468,3,1,1
19.339401,-0.782455,-0.240868,0.483826,3,1,1
19.369156,-0.971096,0.157141,0.826511,3,1,1
19.403824,-1.114478,0.024452,0.784082,3,1,1
19.438553,-1.046085,-0.076606,1.172278,3,1,1
19.473252,-0.743206,-0.052685,1.127411,3,1,1
19.502976,-0.792782,-0.018016,1.092936,3,1,1
19.537705,-0.721376,-0.326258,1.019455,3,1,1
19.572373,-0.535226,0.286958,1.453611,3,1,1
19.602127,-0.460558,0.367157,1.095438,3,1,1
19.636826,-0.483058,0.273913,0.639074,3,1,1
19.671524,-0.43582,0.209894,0.991678,3,1,1
19.706253,-0.412007,0.204908,0.970154,3,1,1
19.735977,-0.321262,-0.072077,0.589763,3,1,1
19.770676,-0.305228,0.347078,0.283948,3,1,1
19.805374,-0.158852,0.23118,0.145837,3,1,1
19.840073,-0.002316,0.148571,-0.331826,3,1,1
19.869797,0.133117,0.115549,-0.439231,3,1,1
19.904526,0.304904,0.348641,-0.24954,3,1,1
19.939224,0.450792,-0.011439,-0.479235,3,1,1
19.968949,0.366625,-0.321723,-0.465108,3,1,1
20.003678,0.305194,-0.304623,-0.308807,3,1,1
20.038346,0.486426,-0.115161,-0.361393,3,1,1
20.068065,0.39839,-0.153666,-0.681924,3,1,1
20.102764,0.524905,-0.236785,-0.913672,3,1,1
20.137462,0.925029,-0.020541,-1.021083,3,1,1
20.172191,1.144014,-0.095373,-1.194881,3,1,1
20.201915,1.240234,-0.286861,-1.185447,3,1,1
20.236614,1.188436,0.413389,-1.056423,3,1,1
20.271312,1.091,0.522097,-1.153811,3,1,1
20.306011,0.991939,0.05607,-1.070164,3,1,1
20.335735,0.995014,-0.203576,-0.862532,3,1,1
20.370464,0.612482,-0.258894,-0.235787,3,1,1
20.405162,-0.036357,-0.529159,0.150544,3,1,1
20.434887,-0.45141,-0.555794,0.131502,3,1,1
20.469616,-0.504304,-0.293305,0.090003,3,1,1
20.504283,-0.42456,0.123335,-0.235603,3,1,1
20.539012,-0.390918,0.116428,-0.645121,3,1,1
20.568737,-0.163254,-0.174667,-0.526382,3,1,1
20.603435,-0.302425,-0.546198,0.004556,3,1,1
20.638164,-0.551315,-0.320319,0.386866,3,1,1
20.672832,-0.735899,-0.053654,0.679568,3,1,1
20.702587,-0.83424,-0.571293,0.875657,3,1,1
20.737285,-0.97641,-0.467458,0.923,3,1,1
20.771984,-0.733751,0.103925,0.679447,3,1,1
20.801708,-0.773978,-0.203879,0.536485,3,1,1
20.836437,-0.384989,0.520948,0.148803,3,1,1
20.871135,-0.160886,-0.062236,-0.594004,3,1,1
20.900859,0.281708,-0.447365,-0.91097,3,1,1
20.935588,0.721883,0.016601,-0.357359,3,1,1
20.970256,0.510645,-0.043867,-0.081762,3,1,1
21.004985,0.28018,0.068063,-0.067112,3,1,1
21.039653,-0.148833,0.261342,-0.061126,3,1,1
21.069406,-0.16928,0.091748,-0.146882,3,1,1
21.104135,0.061314,0.813714,0.28278,3,1,1
21.138803,-0.73294,0.474445,0.428519,3,1,1
21.168558,-0.858712,0.267043,0.374458,3,1,1
21.203256,-0.582829,0.333448,0.517228,3,1,1
21.237955,-0.19815,0.023753,0.506567,3,1,1
21.272653,0.69655,-0.100905,0.80433,3,1,1
21.302408,1.847,0.856087,1.033443,3,1,1
21.337106,21.106303,-0.828358,3.375724,3,1,1
21.371805,2.662638,-3.080301,3.550508,3,1,1
21.406503,-5.91176,-1.993107,-4.098817,3,1,1
21.436227,-3.514994,0.1543,-1.006152,3,1,1
21.470956,-2.776454,0.090768,0.794896,3,1,1
21.505624,-2.280165,-1.727965,0.253539,3,1,1
21.535379,-1.176589,-1.059014,-0.16054,3,1,1
21.570108,-0.867931,0.230414,-0.554267,3,1,1
21.604776,-0.559718,0.586011,-0.431376,4,0,1
21.639505,-0.630734,0.475208,-0.468342,4,0,1
21.669229,-0.630551,0.09289,-0.402052,4,0,1
21.703927,-1.321728,0.281659,-0.816266,4,0,1
21.738626,-1.464187,0.854589,-0.69539,4,0,1
21.773324,-2.586117,1.463551,-2.179036,4,0,1
21.803079,-1.707107,1.161562,-0.735717,4,0,1
21.837778,-1.072625,-0.594803,0.065373,4,0,1
21.872476,-1.130951,-2.385738,0.66824,4,0,1
21.9022,-1.25803,-1.56318,1.087913,4,0,1
21.936929,-1.093531,-1.817348,1.308901,4,0,1
21.971597,-0.954619,-1.708133,1.028148,4,0,1
22.006326,-0.273536,-1.568756,0.939276,4,0,1
22.036081,0.023733,-1.473111,0.338084,4,0,1
22.070733,0.306556,-0.23868,-0.876985,4,0,1
22.105462,0.631759,0.523685,-1.263111,4,0,1
22.14013,0.357152,0.519502,-1.590619,4,0,1
22.169884,0.405435,0.204813,-0.554166,4,0,1
22.204583,0.365666,-1.184254,0.502683,4,0,1
22.239281,-0.397223,-2.1491,2.426478,4,0,1
22.269036,0.346749,-2.176937,1.986217,4,0,1
22.303734,1.292913,-1.723474,1.310792,4,0,1
22.338433,2.091089,-0.829616,0.699445,4,0,1
22.368157,1.200454,0.062902,-0.313545,4,0,1
22.402886,0.887349,0.762941,-0.188643,4,0,1
22.437554,0.984596,0.640362,-0.197197,4,0,1
22.472283,0.087687,0.157597,0.66669,4,0,1
22.502007,-0.577562,-0.51253,-0.280018,4,0,1
22.536706,0.349735,0.339685,-0.191697,4,0,1
22.571435,1.339893,0.076443,-0.265492,4,0,1
22.606103,1.928942,0.950322,-0.186535,4,0,1
22.635857,0.260054,-0.165751,0.46396,4,0,1
22.670556,-0.652419,-0.029436,-0.560729,4,0,1
22.705254,0.594781,0.490958,0.039516,4,0,1
22.735009,0.345812,-0.306447,-0.233951,4,0,1
22.769707,-0.041375,0.146662,-0.189228,4,0,1
22.804406,-0.208681,-0.190518,0.365842,4,0,1
22.839104,0.182654,-0.213157,0.543329,4,0,1
22.868859,-0.09171,0.082996,0.68221,4,0,1
22.903527,0.215193,-0.260364,-0.00906,4,0,1
22.938256,0.254613,-0.363234,0.382054,4,0,1
22.972924,-0.005025,-0.272891,0.678011,4,0,1
23.002679,0.082245,-0.01853,0.128848,4,0,1
23.037408,0.130457,0.215655,0.32187,4,0,1
23.07205,0.035476,0.251455,-0.061005,4,0,1
23.101804,0.124183,0.359567,-0.261221,4,0,1
23.136503,0.264899,0.376964,-0.071542,4,0,1
23.171201,0.100065,0.126904,-0.028284,4,0,1
23.2059,-0.19794,-0.011551,0.563525,4,0,1
23.235654,-0.073509,-0.164756,0.328181,4,0,1
23.270353,-0.275272,-0.111176,0.435072,4,0,1
23.305051,-0.360784,-0.048506,-0.033105,4,0,1
23.33975,-0.118389,0.033846,-0.414374,4,0,1
23.369474,-0.207975,0.058113,-0.395166,4,0,1
23.404203,0.107724,0.109761,-0.311387,4,0,1
23.438871,0.208725,-0.092319,-0.023454,4,0,1
23.468625,0.526841,-0.131528,0.29818,4,0,1
23.503354,0.792923,-0.262649,0.473438,4,0,1
23.538022,0.840496,-0.226705,0.742769,4,0,1
23.572751,0.877755,0.16119,0.595652,4,0,1
23.602476,0.943587,0.440746,0.611559,4,0,1
23.637174,0.538554,0.46231,0.467057,4,0,1
23.671873,0.135574,0.364435,-0.063524,4,0,1
23.706571,-0.033514,0.347881,-0.143614,4,0,1
23.736326,-0.232018,0.232294,-0.03314,4,0,1
23.771024,-0.321242,0.283595,-0.029613,4,0,1
23.805723,-0.194203,0.390544,0.150859,4,0,1
23.835447,-0.514834,0.285993,0.077564,4,0,1
23.870176,-0.381039,0.128681,0.310602,4,0,1
23.904844,-0.476613,0.358334,0.223056,4,0,1
23.934598,-0.56569,0.215347,0.117988,4,0,1
23.969327,-0.323123,0.347326,0.409692,4,0,1
24.003995,-0.13809,0.364875,0.129059,4,0,1
24.038724,-0.514484,0.559568,0.123632,4,0,1
24.073377,-0.137381,0.481028,0.223891,4,0,1
24.103132,-0.028136,0.341369,0.115891,4,0,1
24.13783,-0.341124,0.689559,0.276776,4,0,1
24.172529,0.198457,0.557505,0.114083,4,0,1
24.202284,0.911185,0.365789,-0.110208,4,0,1
24.236982,1.509287,0.625863,0.073346,4,0,1
24.271681,2.260429,0.722064,0.087752,4,0,1
24.301405,2.20062,0.866044,-0.006441,4,0,1
24.336134,2.176677,1.030153,-0.18436,4,0,1
24.370802,1.909112,1.649268,-0.733092,4,0,1
24.405531,1.040686,1.632862,-1.139431,4,0,1
24.440229,0.820627,1.674905,-0.68155,4,0,1
24.469953,0.787982,0.740698,-0.177576,4,0,1
24.504682,-3.321997,-0.693513,0.103142,4,0,1
24.53935,-7.568724,-1.783586,-0.640383,4,0,1
24.569105,-13.687372,-4.227422,0.673139,4,0,1
24.603803,-24.976289,-6.780104,1.561855,4,0,1
24.638502,-22.007829,-10.259559,-3.723703,4,0,1
24.673231,-13.48601,-10.798818,-5.93679,4,0,1
24.702955,-9.134644,-12.554069,-4.670869,4,0,1
24.737653,-4.970249,-17.201995,-8.095759,4,0,1
24.772352,0.523901,-25.139166,11.952752,4,0,1
24.802107,14.980068,-24.990734,5.334267,4,0,1
24.836775,39.839581,-15.664861,-30.779917,4,0,1
24.871504,16.034469,1.54245,-4.698333,4,0,1
24.906202,6.680492,-2.995176,-5.832538,4,0,1
24.935926,3.235409,-0.730475,-4.161902,4,0,1
24.970655,-0.591443,0.001825,-3.789839,4,0,1
25.005323,3.105093,4.321578,0.900482,4,0,1
25.035078,2.290013,3.946311,-0.812761,4,0,1
25.069762,-0.981233,-0.506448,-1.683357,4,0,1
25.104461,0.990098,-1.720795,-4.204298,4,0,1
25.13919,4.156115,-3.283915,-2.461395,4,0,1
25.168914,5.288023,-5.870492,-1.922366,4,0,1
25.203612,4.931915,-6.814716,-0.763689,4,0,1
25.238311,3.229106,-5.092622,0.207446,4,0,1
25.273009,0.720087,-10.412454,-1.598972,4,0,1
25.302733,0.961903,-6.11514,1.065016,4,0,1
25.337462,0.399176,-7.234198,1.581009,4,0,1
25.372161,-1.147786,-7.754148,1.696114,4,0,1
25.401885,-1.089105,-6.344364,1.124008,4,0,1
25.436614,-1.051526,-5.550622,1.338331,4,0,1
25.471282,-1.91915,-4.446609,1.262493,4,0,1
25.501037,-2.40678,-4.321298,-0.802528,4,0,1
25.535735,-2.019075,-2.6098,-1.049345,4,0,1
25.570434,-1.806935,-2.034894,-1.68308,4,0,1
25.605163,-2.023895,-1.188055,-1.934709,4,0,1
25.639831,-2.068699,-0.51284,-2.237816,4,0,1
25.669585,-1.658784,-0.756805,-2.106071,4,0,1
25.704284,-0.813893,-0.529151,-1.35287,4,0,1
25.738982,-1.225808,-0.32932,-0.981304,4,0,1
25.768706,-1.408274,0.202882,-0.923048,4,0,1
25.803435,-1.253368,0.524506,-0.719342,4,0,1
25.838134,-0.811849,1.178774,-0.861397,4,0,1
25.872832,-0.706298,1.430717,-1.187919,4,0,1
25.902587,-0.896515,1.394116,-1.431025,4,0,1
25.937255,-0.308598,1.108362,-1.29427,4,0,1
25.971984,0.68652,0.519081,-1.31624,4,0,1
26.006652,1.237298,1.793826,-1.14257,4,0,1
26.036407,1.628029,1.823432,-1.400041,4,0,1
26.071105,2.11479,1.118601,-1.629389,4,0,1
26.105772,2.31635,1.041946,-0.722328,4,0,1
26.135527,2.988573,0.442437,-0.677029,4,0,1
26.170226,2.68531,-1.340607,-0.276342,4,0,1
26.204924,0.51995,-2.527338,0.628335,4,0,1
26.234648,-0.603405,-1.396124,1.216746,4,0,1
26.269377,-1.420739,-0.976439,1.702278,4,0,1
26.304076,-2.479572,-0.194641,2.050273,4,0,1
26.3338,-2.663929,0.364435,1.197727,4,0,1
26.368529,-2.453675,1.066942,0.238238,4,0,1
26.403197,-1.109352,-0.205808,-0.040589,4,0,1
26.437926,-0.227052,-0.180463,0.211298,4,0,1
26.472594,0.007209,-0.088427,0.358598,4,0,1
26.502348,-0.066175,0.02853,0.195633,4,0,1
26.537077,-0.201297,-0.108324,0.514541,4,0,1
26.571745,-0.396195,0.203778,0.505785,4,0,1
26.6015,-0.518657,0.228076,0.301506,4,0,1
26.636199,-0.519529,0.198123,0.183993,4,0,1
26.670897,-0.214903,0.109413,0.324081,4,0,1
26.705595,-0.227774,0.21132,0.177173,4,0,1
26.73535,-0.301462,0.171087,0.178398,4,0,1
26.770049,-0.319159,-0.117851,0.210231,4,0,1
26.804747,-0.435823,-0.255117,0.084012,4,0,1
26.839446,-0.508364,0.019036,0.026006,4,0,1
26.86917,-0.417013,-0.012921,0.106211,4,0,1
26.903899,-0.338179,0.009298,0.150281,4,0,1
26.938567,-0.301466,0.100096,0.005202,4,0,1
26.968321,-0.132886,-0.028039,-0.011155,4,0,1
27.00305,-0.084284,0.020763,-0.006924,4,0,1
27.037718,-0.142628,-0.000209,-0.030361,4,0,1
27.072432,-0.177554,0.022382,0.030121,4,0,1
27.1071,-0.113065,0.060204,0.093166,4,0,1
27.136855,0.044867,-0.026465,-0.099652,4,0,1
27.171553,0.203258,0.041156,-0.07686,4,0,1
27.206252,0.119908,0.164227,0.004988,4,0,1
27.236007,-0.009248,0.079249,-0.199337,4,0,1
27.270705,0.084512,0.058842,-0.154038,4,0,1
27.305403,0.302983,0.072035,-0.032981,4,0,1
27.335128,0.311024,-0.011395,-0.036685,4,0,1
27.369857,0.317412,-0.027106,-0.064242,4,0,1
27.404525,0.413506,-0.077498,-0.035258,4,0,1
27.439254,0.421025,-0.030714,-0.046363,4,0,1
27.469008,0.377609,0.065376,-0.091215,4,0,1
27.503676,0.385594,0.011218,-0.169861,4,0,1
27.538405,0.305922,0.131495,-0.116685,4,0,1
27.573073,0.298316,-0.028056,0.023466,4,0,1
27.602828,0.252226,-0.020166,0.062473,4,0,1
27.637526,0.244744,0.005452,0.065622,4,0,1
27.672225,0.22272,0.045961,0.136978,4,0,1
27.701979,0.276416,0.035192,0.129144,4,0,1
27.736678,0.253047,0.024342,0.04965,4,0,1
27.771376,0.141176,0.065353,-0.059674,4,0,1
27.801101,0.072631,-0.076306,0.030878,4,0,1
27.83583,0.030704,-0.095462,0.077826,4,0,1
27.870497,-0.087649,-0.049278,0.051106,4,0,1
27.905226,-0.275613,-0.063216,-0.005227,4,0,1
27.939925,-0.328147,-0.110452,-0.053136,4,0,1
27.969649,-0.343673,0.127643,-0.13605,4,0,1
28.004378,-0.330906,0.135378,-0.058508,4,0,1
28.039046,-0.230696,0.070423,-0.227481,4,0,1
28.063841,-0.12069,0.068513,-0.408381,4,0,1
28.103483,0.298363,0.042979,-0.277489,4,0,1
28.138182,0.411532,0.169182,-0.224717,4,0,1
28.167936,0.386358,-0.063088,-0.157273,4,0,1
28.202635,0.228742,-0.08581,-0.004121,4,0,1
28.237333,0.073142,-0.197896,0.141214,4,0,1
28.272032,-0.109507,-0.271135,0.104536,4,0,1
28.30673,-0.110006,-0.018304,0.242833,4,0,1
28.336454,-0.091361,0.129046,0.224813,4,0,1
28.371183,-0.145678,0.023081,0.138079,4,0,1
28.405882,-0.198085,0.075861,0.111544,4,0,1
28.435606,-0.275637,0.061918,-0.081782,4,0,1
28.470335,-0.239388,0.104443,-0.083825,4,0,1
28.505003,0.022293,0.219063,0.077151,4,0,1
28.534758,0.072475,0.079893,0.071213,4,0,1
28.569456,0.122586,0.070288,0.035547,4,0,1
28.604155,0.111558,0.012614,-0.038407,4,0,1
28.638884,0.187813,-0.068354,0.062395,4,0,1
28.668608,0.152054,-0.003907,0.164527,4,0,1
28.703306,-0.064734,-0.004223,0.082799,4,0,1
28.738005,-0.034144,0.045946,0.035485,4,0,1
28.772703,0.019013,0.089894,-0.008712,4,0,1
28.802458,-0.026337,0.076917,0.024549,4,0,1
28.837156,-0.016825,0.027753,-0.066632,4,0,1
28.871855,-0.04526,-0.007892,0.150511,4,0,1
28.906553,-0.030293,-0.197505,-0.00807,4,0,1
28.936308,0.064011,-0.340963,-0.330895,4,0,1
28.970976,0.25402,-0.076237,0.03272,4,0,1
29.005705,0.199929,-0.1129,0.238654,4,0,1
29.03546,0.080534,-0.031928,0.261923,4,0,1
29.070114,-0.319204,0.293327,0.334847,4,0,1
29.104843,-0.504679,0.255719,0.29605,4,0,1
29.139511,-0.530956,0.556413,0.32366,4,0,1
29.169266,-0.435593,0.675574,0.15586,4,0,1
29.203965,-0.302163,0.329387,-0.13233,4,0,1
29.238663,-0.093936,0.428689,-0.348699,4,0,1
29.273362,0.326702,0.163863,-0.51314,4,0,1
29.303116,0.774558,-0.628056,-0.68046,4,0,1
29.337815,1.207488,-0.954238,-0.321057,4,0,1
29.372513,0.93216,-2.014891,-0.34563,4,0,1
29.402268,0.938715,-1.782854,-0.462436,4,0,1
29.436936,1.331827,-0.431747,-0.572794,4,0,1
29.471665,1.229596,-0.584892,-1.136033,4,0,1
29.506333,1.394911,-0.818352,-1.683195,4,0,1
29.536087,1.648852,-0.610634,-1.601376,4,0,1
29.570816,1.684532,0.125832,-1.206214,4,0,1
29.605484,0.732687,0.898827,-0.726536,4,0,1
29.635239,-0.161919,1.238673,-0.621856,4,0,1
29.669937,-0.6693,0.884424,-0.940372,4,0,1
29.704636,-0.044737,-0.109598,-1.204109,4,0,1
29.739334,0.505967,-0.391898,-1.086408,4,0,1
29.769089,0.619493,-0.335965,-0.702194,4,0,1
29.803788,0.14891,-0.747676,-0.076751,4,0,1
29.838486,-0.432545,-0.422499,0.185079,4,0,1
29.873185,-0.848,0.279707,0.523589,4,0,1
29.902909,-0.803315,0.227421,0.260548,4,0,1
29.937638,-0.452293,0.23438,0.231435,4,0,1
29.972306,0.740842,-0.325428,0.670119,4,0,1
30.00206,1.271676,-0.7751,0.774947,4,0,1
30.036789,1.156315,-0.379817,0.248173,5,1,1
30.071441,1.747464,-0.273977,1.023672,5,1,1
30.101196,3.643658,0.39522,1.489459,5,1,1
30.135894,3.331768,-1.849027,1.382577,5,1,1
30.170593,5.199082,-2.666895,2.104771,5,1,1
30.205291,-0.278042,-2.382375,-2.143317,5,1,1
30.23999,-3.585146,1.978734,-2.299125,5,1,1
30.269744,-2.448169,2.113228,-1.430098,5,1,1
30.304443,-2.319959,1.16262,-1.210327,5,1,1
30.339141,-1.31269,0.233054,-0.305983,5,1,1
30.368866,-1.150297,-0.118231,0.12228,5,1,1
30.403595,-0.007549,0.268206,0.198948,5,1,1
30.438293,0.12256,-0.160504,1.260653,5,1,1
30.468017,0.093736,-0.982611,0.986289,5,1,1
30.502746,0.127702,-0.311398,0.738559,5,1,1
30.537414,-0.49777,-0.796982,0.195204,5,1,1
30.572143,-0.516073,-0.522071,0.078984,5,1,1
30.601867,-0.489413,-0.223062,0.09977,5,1,1
30.636566,-0.999928,-0.324381,0.163745,5,1,1
30.671295,-0.827327,-0.526381,0.369787,5,1,1
30.705963,-0.530435,-0.074671,0.101555,5,1,1
30.735717,-0.830769,0.014617,0.48655,5,1,1
30.770416,-0.491833,0.259724,0.149422,5,1,1
30.805114,-0.490659,0.205832,0.217585,5,1,1
30.834838,-0.499507,0.450119,0.08217,5,1,1
30.869567,-0.20253,0.500334,0.04695,5,1,1
30.904266,-0.436239,1.051843,0.267926,5,1,1
30.93399,0.017411,1.08443,-0.204951,5,1,1
30.968719,0.518129,0.836104,-0.33097,5,1,1
31.003387,0.793275,1.191506,-0.475983,5,1,1
31.038116,1.056356,1.103104,0.455038,5,1,1
31.07277,-0.55986,0.554562,-0.140879,5,1,1
31.102525,-0.508168,0.228425,-0.900901,5,1,1
31.137254,-0.689376,0.028045,-1.300485,5,1,1
31.171922,-0.240699,-0.124929,-1.077071,5,1,1
31.201676,-0.356958,0.224834,-0.867507,5,1,1
31.236375,-0.667864,-0.345774,-1.017737,5,1,1
31.271073,-0.37574,-0.432324,-0.481071,5,1,1
31.300797,-0.7469,-0.003014,-0.259095,5,1,1
31.335526,-1.061523,0.229008,-0.29942,5,1,1
31.370225,-1.213102,0.013668,-0.113886,5,1,1
31.404923,-1.519078,-0.721964,-0.728307,5,1,1
31.439622,-0.68224,-1.874108,-0.382511,5,1,1
31.469346,-0.586135,-2.074207,-0.33171,5,1,1
31.504075,0.435246,-2.758064,0.244993,5,1,1
31.538743,0.572423,-1.83557,0.249476,5,1,1
31.568498,0.940267,-2.017501,0.158061,5,1,1
31.603227,1.177304,-1.686888,0.175317,5,1,1
31.637895,1.362504,-1.197751,0.282904,5,1,1
31.667649,1.643006,-0.96426,0.54911,5,1,1
31.702348,1.49004,-1.015215,0.250441,5,1,1
31.737046,0.91382,-0.368365,0.817048,5,1,1
31.771745,0.98131,-0.772996,0.450861,5,1,1
31.801499,1.445733,-0.44695,0.308356,5,1,1
31.836198,0.798944,0.115421,0.592816,5,1,1
31.870896,1.293823,0.140651,0.417785,5,1,1
31.905595,0.47245,-0.245175,0.80357,5,1,1
31.935319,0.452964,-0.261632,0.600677,5,1,1
31.970048,1.024739,0.062008,0.234267,5,1,1
32.004716,1.981843,1.766161,1.186867,5,1,1
32.03447,3.35241,2.446278,-0.034555,5,1,1
32.069195,1.16592,1.382141,1.010636,5,1,1
32.103863,2.555591,0.624821,0.539088,5,1,1
32.138592,-0.310699,0.421321,0.762842,5,1,1
32.17326,0.086863,0.553712,-0.160563,5,1,1
32.203015,0.038922,0.614443,0.044397,5,1,1
32.237714,-0.214493,0.554204,0.058639,5,1,1
32.272412,-1.097999,0.6976,0.00505,5,1,1
32.302167,-0.751742,1.153144,0.008423,5,1,1
32.336865,-0.018771,2.045197,0.063367,5,1,1
32.371564,0.331285,1.899974,-0.017246,5,1,1
32.401288,-0.908647,1.210618,-0.500417,5,1,1
32.436017,-2.11371,-0.687243,0.211933,5,1,1
32.470685,-8.389532,-1.919105,2.444456,5,1,1
32.505414,-15.482907,-5.731449,4.046379,5,1,1
32.540112,-28.090267,-6.821587,-3.599785,5,1,1
32.569836,-18.143031,-8.931602,-7.736594,5,1,1
32.604565,-12.320332,-11.847709,-4.31271,5,1,1
32.639233,-12.312687,-14.111506,-5.585071,5,1,1
32.668988,-8.046831,-24.296929,-0.481224,5,1,1
32.703686,34.536981,-22.586949,4.958093,5,1,1
32.738385,27.057306,-16.202416,-29.927235,5,1,1
32.76814,10.131863,0.385901,-6.327553,5,1,1
32.802838,19.400384,-1.783404,-0.753552,5,1,1
32.837537,2.003949,-3.832623,-3.505473,5,1,1
32.872235,-0.053323,-1.094814,-4.178881,5,1,1
32.90199,3.180127,-2.164092,-0.702353,5,1,1
32.936658,4.496777,1.310667,3.03109,5,1,1
32.971387,-2.941717,0.062515,1.494721,5,1,1
33.006085,-7.584552,-3.078967,-1.450068,5,1,1
33.035809,0.080891,-6.176641,3.072725,5,1,1
33.070516,2.086865,-9.722817,2.561166,5,1,1
33.105184,1.101252,-4.237116,1.019938,5,1,1
33.134939,2.417553,-4.927477,2.870948,5,1,1
33.169637,1.930207,-5.185617,1.917936,5,1,1
33.204336,0.166673,-2.512387,-0.924183,5,1,1
33.239065,0.671532,-1.421556,0.173417,5,1,1
33.268789,-0.104268,-1.56424,-0.578158,5,1,1
33.303487,0.608654,-0.007611,-2.174768,5,1,1
33.338186,0.000249,0.029445,-1.159009,5,1,1
33.372884,-0.125167,-2.565548,-2.05867,5,1,1
33.402639,-0.156895,0.601553,-1.058173,5,1,1
33.437338,-1.879618,0.786244,-0.992441,5,1,1
33.472036,0.339174,-2.307077,-0.484346,5,1,1
33.50176,1.093063,-1.840141,0.626818,5,1,1
33.536489,1.537797,-0.218865,0.000574,5,1,1
33.571157,0.931966,0.64001,-1.10158,5,1,1
33.605886,-0.372366,0.821,-1.071061,5,1,1
33.635641,-1.639784,0.993909,-1.656895,5,1,1
33.670309,-2.438318,1.32213,-1.981628,5,1,1
33.705038,-2.379817,-1.163287,-1.10024,5,1,1
33.739706,-1.372076,-3.444492,0.537873,5,1,1
33.76946,-2.102036,-3.22265,1.870026,5,1,1
33.804159,-2.637515,-3.3635,2.530813,5,1,1
33.838857,-3.573536,-0.229355,1.635455,5,1,1
33.868612,-4.299155,-0.943664,0.213467,5,1,1
33.90331,-2.748699,-1.023114,-0.228658,5,1,1
33.938009,-0.222905,-0.384936,-0.5287,5,1,1
33.972707,0.729383,-0.793688,-0.236109,5,1,1
34.002462,1.309411,-0.389099,0.354707,5,1,1
34.03713,0.574828,-0.100171,0.421733,5,1,1
34.07184,-0.048582,0.373247,0.794799,5,1,1
34.106539,-0.740084,-0.140196,0.358343,5,1,1
34.136263,-0.379797,-0.248871,0.444496,5,1,1
34.170992,0.008349,-0.20726,0.494769,5,1,1
34.20566,-0.251475,-0.114611,0.352718,5,1,1
34.235414,-0.221324,-0.222774,0.42446,5,1,1
34.270113,-0.187124,0.108074,0.421634,5,1,1
34.304811,-0.304026,0.342986,0.299854,5,1,1
34.33954,-0.194809,0.216644,-0.094926,5,1,1
34.369264,0.189821,0.257019,0.112421,5,1,1
34.403963,0.669971,0.461705,0.227958,5,1,1
34.433687,0.726949,0.522252,0.009019,5,1,1
34.468416,0.411537,-0.139043,-0.046012,5,1,1
34.503084,0.189692,-0.020688,0.248634,5,1,1
34.537813,-0.129667,0.233627,0.477285,5,1,1
34.572511,-0.619973,0.42203,0.407382,5,1,1
34.602236,-0.712846,0.323113,0.001426,5,1,1
34.636965,-0.440488,0.081747,-0.136377,5,1,1
34.671632,0.041878,0.366302,-0.128113,5,1,1
34.706361,0.156657,0.069191,-0.141588,5,1,1
34.736086,0.142837,0.021125,-0.130996,5,1,1
34.770784,0.010031,-0.827986,-0.35115,5,1,1
34.805513,0.37804,-0.246157,-0.253072,5,1,1
34.840181,0.909725,0.528816,-0.476502,5,1,1
34.869936,0.890228,0.521375,-0.655185,5,1,1
34.904634,0.779674,0.206882,-0.736156,5,1,1
34.939333,0.599576,-0.081514,-0.325926,5,1,1
34.969057,0.652699,-0.068063,0.018199,5,1,1
35.003786,0.929582,-0.039737,0.180289,5,1,1
35.038484,1.07214,-0.188086,0.037873,5,1,1
35.068186,1.026854,-0.149908,0.049248,5,1,1
35.102915,0.720178,-0.186035,-0.01876,5,1,1
35.137583,0.261954,-0.158428,-0.09491,5,1,1
35.172312,0.109263,-0.27749,-0.042551,5,1,1
35.202037,-0.065719,-0.153487,0.018168,5,1,1
35.236735,-0.385491,0.081666,-0.022589,5,1,1
35.271464,-0.691072,0.036039,-0.158653,5,1,1
35.306132,-1.001089,0.087136,-0.032735,5,1,1
35.335887,-1.082749,0.031986,-0.122643,5,1,1
35.370585,-1.015461,-0.135061,-0.127597,5,1,1
35.405284,-0.785185,0.055632,-0.209745,5,1,1
35.435008,-0.671587,0.059544,-0.395767,5,1,1
35.469737,-0.570687,0.070434,-0.465957,5,1,1
35.504435,-0.485429,0.140661,-0.359183,5,1,1
35.539134,-0.527771,0.038863,-0.252545,5,1,1
35.568888,-0.451682,-0.262439,-0.062099,5,1,1
35.603556,-0.238602,-0.075885,0.12837,5,1,1
35.638285,-0.270588,-0.249875,0.158822,5,1,1
35.672953,-0.144982,-0.056409,0.367174,5,1,1
35.702708,-0.124646,0.140653,0.227059,5,1,1
35.737437,-0.064975,0.218767,0.262191,5,1,1
35.772105,-0.086442,0.091235,0.394497,5,1,1
35.80186,-0.179079,0.031761,0.200679,5,1,1
35.836558,-0.24583,-0.111972,-0.050551,5,1,1
35.871256,-0.223807,-0.257888,-0.083314,5,1,1
35.905955,-0.260655,0.058985,-0.183303,5,1,1
35.93571,-0.248915,0.338934,-0.240322,5,1,1
35.970408,-0.133719,0.220545,-0.088888,5,1,1
36.005107,-0.142655,0.389032,-0.088607,5,1,1
36.039805,-0.213591,0.072134,-0.104667,5,1,1
36.069519,-0.278058,0.09397,0.070714,5,1,1
36.104248,-0.554919,-0.111802,0.0087,5,1,1
36.138916,-0.963666,0.237757,0.212292,5,1,1
36.168671,-0.683585,0.006013,-0.044872,5,1,1
36.2034,-0.051703,-0.195452,-0.24272,5,1,1
36.238068,0.246779,-0.04315,-0.108081,5,1,1
36.267822,0.279692,-0.106007,-0.240766,5,1,1
36.302521,0.616121,-0.292828,-0.143152,5,1,1
36.337219,0.52383,-0.202286,-0.057183,5,1,1
36.371918,0.368654,-0.241134,-0.007639,5,1,1
36.401673,0.29643,-0.243113,0.250867,5,1,1
36.436371,0.046829,-0.354635,-0.022234,5,1,1
36.471069,-0.138882,-0.450171,-0.768397,5,1,1
36.505768,-0.1683,-0.570118,-2.569033,5,1,1
36.535492,0.649496,0.153919,-1.907394,5,1,1
36.570221,0.493839,-0.030811,-0.632439,5,1,1
36.60492,-0.421669,-0.919954,-0.968491,5,1,1
36.634644,0.415825,-0.951675,-0.370182,5,1,1
36.669373,1.892802,-0.478302,-0.414257,5,1,1
36.704041,2.378488,-0.679762,-0.478316,5,1,1
36.73877,2.98813,-1.51868,0.046617,5,1,1
36.773438,6.204773,0.495761,-0.71306,5,1,1
36.803192,21.669238,-2.194738,-0.232563,5,1,1
36.837921,5.474153,-3.549779,5.478411,5,1,1
36.867645,0.867676,-5.479074,-0.282464,5,1,1
36.902344,-4.029215,-2.075252,-0.702656,5,1,1
36.937042,-4.963924,-1.986399,-1.999221,5,1,1
36.971741,-0.612391,-1.121953,-1.502545,5,1,1
37.001465,1.282004,0.139249,-1.195289,5,1,1
37.036194,1.380377,-0.413966,-1.662995,5,1,1
37.07088,-0.29501,0.808255,-1.755039,5,1,1
37.105579,-0.940866,0.726846,-1.246846,5,1,1
37.140277,-1.584211,0.117549,-1.042942,5,1,1
37.170002,-1.197524,0.204513,-0.582969,5,1,1
37.204731,-0.857219,-0.269925,0.052356,5,1,1
37.239399,-1.812753,-0.312714,0.099886,5,1,1
37.269153,-1.972661,-0.256261,0.000468,5,1,1
37.303882,-1.953823,-0.604703,0.150392,5,1,1
37.33855,-1.478106,-0.158564,0.055063,5,1,1
37.368305,-0.557833,-0.165622,-0.226793,5,1,1
37.403003,0.173961,-0.337317,-0.410199,5,1,1
37.437702,-0.614562,-0.750926,0.083526,5,1,1
37.467426,-0.5397,-0.407735,0.112415,5,1,1
37.502155,-0.346197,-0.717975,0.473459,5,1,1
37.536853,-0.406673,-0.741243,0.024555,5,1,1
37.571552,0.148637,-1.072314,-0.123345,5,1,1
37.60625,0.406543,-0.820289,0.135151,5,1,1
37.635974,0.058734,-0.708023,-0.002462,5,1,1
37.670703,-0.255001,-0.383934,0.888963,5,1,1
37.705371,0.738017,-0.493583,-0.614997,5,1,1
37.735126,1.544987,-1.157903,0.295108,5,1,1
37.769855,1.29472,-1.010616,0.299911,5,1,1
37.804523,1.560257,0.081088,0.785196,5,1,1
37.839252,0.858969,-0.596998,0.997037,5,1,1
37.868976,1.348444,-0.661098,0.091883,5,1,1
37.903675,-0.02579,-0.479019,0.390318,5,1,1
37.938373,0.122136,-0.83929,-0.45542,5,1,1
37.973072,0.495976,-0.636857,0.268495,5,1,1
38.002826,0.207094,-0.942575,-0.161085,5,1,1
38.037525,0.64451,-0.780258,-0.227258,5,1,1
38.072205,0.670185,-0.585486,0.02487,5,1,1
38.101929,0.524081,-0.279417,-0.759553,5,1,1
38.136658,0.753941,0.262278,-0.840131,5,1,1
38.171326,0.276936,-0.21795,-0.773635,5,1,1
38.201081,0.051986,0.044125,-0.461733,5,1,1
38.23581,-0.086699,-0.042578,-0.072879,6,0,1
38.270478,0.122311,-0.154246,-0.042655,6,0,1
38.305207,0.044643,-0.19392,0.635199,6,0,1
38.339875,0.111123,-0.640691,0.385289,6,0,1
38.36963,0.14855,-0.12279,0.670036,6,0,1
38.404359,0.176795,-0.02422,0.950723,6,0,1
38.439027,0.111981,-0.182536,0.595521,6,0,1
38.468781,0.077554,0.144126,0.525172,6,0,1
38.50348,0.248278,0.353625,0.453868,6,0,1
38.538178,0.02422,0.00771,0.401797,6,0,1
38.567902,-0.150424,0.103568,0.2406,6,0,1
38.602631,-0.109592,0.418031,-0.128315,6,0,1
38.63733,-0.119773,0.158296,-0.258374,6,0,1
38.672028,-0.111434,-0.037436,0.335199,6,0,1
38.706727,0.486936,0.047701,0.653469,6,0,1
38.736451,0.601864,0.117066,0.771269,6,0,1
38.77118,1.248431,0.403243,0.838102,6,0,1
38.805848,1.569983,0.199878,0.760958,6,0,1
38.835602,1.803941,0.940042,0.666429,6,0,1
38.870331,3.52059,0.948752,0.427688,6,0,1
38.904999,4.407556,-0.694474,-0.010768,6,0,1
38.934754,2.93704,0.055435,-0.439835,6,0,1
38.969453,1.664403,-0.698729,-0.382056,6,0,1
39.004151,0.588542,0.106802,-0.55552,6,0,1
39.03885,0.392768,0.816097,-1.037278,6,0,1
39.073528,-0.526597,1.750516,-1.006801,6,0,1
39.103283,-0.770293,1.124242,-1.666634,6,0,1
39.137981,-3.075521,2.591859,-1.466753,6,0,1
39.17268,-3.531058,0.360961,-1.438399,6,0,1
39.202404,-3.360182,0.614564,-0.755014,6,0,1
39.237133,-6.255912,-1.94029,0.889123,6,0,1
39.271801,-10.791431,-6.030511,1.951771,6,0,1
39.301555,-16.999746,-8.222537,5.6922,6,0,1
39.336284,-25.130454,-8.760775,4.726113,6,0,1
39.370952,-25.772572,-8.961297,-5.371194,6,0,1
39.405681,-6.497592,-13.995214,-3.826268,6,0,1
39.435405,-2.70613,-17.267775,-5.34716,6,0,1
39.470104,-12.795944,-25.142255,-2.872353,6,0,1
39.504802,34.622289,-26.516545,-5.422221,6,0,1
39.539501,35.712394,-13.32212,-12.589621,6,0,1
39.569256,7.523139,0.122008,-12.959169,6,0,1
39.603954,9.168975,-0.54105,-4.924712,6,0,1
39.638653,9.790707,-4.477007,-1.019481,6,0,1
39.668377,6.003401,-2.948976,-1.873861,6,0,1
39.703106,5.807136,-0.352885,-0.360318,6,0,1
39.737774,2.513,0.945311,3.456445,6,0,1
39.772503,-3.120816,-0.189959,3.835489,6,0,1
39.807201,-3.082514,-5.145173,3.953788,6,0,1
39.836925,-2.958507,-16.351555,2.569167,6,0,1
39.871654,5.730961,-11.882254,5.039995,6,0,1
39.906322,5.149773,-11.731614,3.800821,6,0,1
39.936077,3.680596,-9.134091,1.651758,6,0,1
39.970775,1.175211,-9.485469,-2.175391,6,0,1
40.005474,-1.711595,-4.171544,-3.408179,6,0,1
40.035228,-5.706971,-3.342751,-5.266966,6,0,1
40.06991,-5.658581,0.185298,-6.103299,6,0,1
40.104608,-4.007163,1.98769,-5.229453,6,0,1
40.134333,-4.749246,0.710059,-5.774442,6,0,1
40.169062,-5.925219,-1.549398,-4.962835,6,0,1
40.20376,-4.207261,-0.13308,-1.834526,6,0,1
40.238459,-3.265638,-1.227262,-0.500791,6,0,1
40.273157,-1.399337,-1.225537,0.402186,6,0,1
40.302881,-0.534827,-1.583091,1.737587,6,0,1
40.33761,1.263458,-0.473713,2.661185,6,0,1
40.372278,2.717253,1.466297,2.563278,6,0,1
40.402033,2.558108,0.944096,2.267973,6,0,1
40.436762,0.877146,0.374837,1.839446,6,0,1
40.47143,-0.687534,0.378218,-0.051437,6,0,1
40.501184,-0.767408,0.246227,-1.140539,6,0,1
40.535883,-1.253988,-0.328475,-0.915553,6,0,1
40.570581,-1.300247,0.645769,-0.366797,6,0,1
40.60528,-1.714315,1.483836,-0.791086,6,0,1
40.639978,-2.353367,-0.475657,-0.811352,6,0,1
40.669733,-1.212692,-1.500252,-0.501862,6,0,1
40.704431,-0.428677,-0.995916,-0.29231,6,0,1
40.73913,-0.520073,-2.329602,-0.400802,6,0,1
40.768854,-0.575098,-0.666983,0.093566,6,0,1
40.803583,-0.435852,1.726603,0.346552,6,0,1
40.838251,-0.196775,1.396333,-0.488076,6,0,1
40.87298,0.28735,-0.536192,-1.039779,6,0,1
40.902735,1.005651,0.561693,-0.681773,6,0,1
40.937403,0.929989,-0.225482,-0.113707,6,0,1
40.972132,0.275397,-0.201187,0.439668,6,0,1
41.0068,-0.177003,0.402064,0.566046,6,0,1
41.036554,-0.249446,0.025312,0.520741,6,0,1
41.07124,0.223834,0.291093,0.885654,6,0,1
41.105938,0.195821,-0.508725,0.173713,6,0,1
41.135693,-0.320659,-0.450653,0.250604,6,0,1
41.170391,-0.182545,0.066892,0.690117,6,0,1
41.20509,-0.435524,-0.072708,0.615924,6,0,1
41.239788,-0.746349,-0.454854,0.321928,6,0,1
41.269543,-0.516978,-1.138654,-0.250228,6,0,1
41.304211,0.216949,-1.47118,-0.546797,6,0,1
41.33894,0.557795,0.384792,0.038328,6,0,1
41.373638,-0.159589,-0.344018,-0.012978,6,0,1
41.403363,-0.296618,-0.239421,0.343043,6,0,1
41.438092,-0.515227,-0.155323,0.476571,6,0,1
41.47276,-0.76566,-0.323017,0.312186,6,0,1
41.502514,-0.533139,-0.835924,0.004989,6,0,1
41.537213,0.030767,-0.613232,-0.152348,6,0,1
41.571911,0.429524,-0.239692,-0.432697,6,0,1
41.601666,0.432731,-0.162951,-0.574423,6,0,1
41.636364,0.392938,-0.21658,-0.509886,6,0,1
41.671063,0.293681,0.114694,-0.464551,6,0,1
41.705761,0.389664,0.359502,-0.383106,6,0,1
41.735516,0.549905,0.005578,-0.432508,6,0,1
41.770214,0.654519,-0.176071,-0.378727,6,0,1
41.804913,0.789506,0.309351,-0.25504,6,0,1
41.839611,0.585318,0.278581,-0.086207,6,0,1
41.869335,0.432323,0.545011,0.25971,6,0,1
41.904064,0.247235,0.420507,0.354304,6,0,1
41.938732,-0.460487,0.104959,0.422593,6,0,1
41.968487,-0.649734,0.765604,0.407255,6,0,1
42.003216,-0.805391,1.095176,0.156415,6,0,1
42.037884,-0.88386,0.698212,0.038792,6,0,1
42.067639,-0.734654,0.554233,-0.105356,6,0,1
42.102322,-0.83321,0.560602,-0.200357,6,0,1
42.137021,-0.846776,0.219409,-0.013124,6,0,1
42.171719,-0.615548,0.08935,-0.08413,6,0,1
42.206418,-0.728913,-0.542746,-0.196478,6,0,1
42.236172,-0.096776,-1.305888,-0.894853,6,0,1
42.270871,0.938951,-0.855248,-0.899559,6,0,1
42.305569,1.780912,-0.365153,-0.316599,6,0,1
42.335293,1.835908,-0.630831,0.088264,6,0,1
42.370022,1.686864,-0.55196,1.132498,6,0,1
42.40469,2.432309,-1.215675,2.672644,6,0,1
42.439419,4.978814,-1.005867,3.049075,6,0,1
42.469174,9.068981,-3.713519,3.388025,6,0,1
42.503842,-4.525874,-1.24186,-3.917044,6,0,1
42.538571,-3.268207,-1.090547,-2.771584,6,0,1
42.573239,-1.168267,1.231225,0.21778,6,0,1
42.602994,-3.476499,0.174626,-0.383045,6,0,1
42.637692,-3.674728,0.668459,-0.961143,6,0,1
42.672391,-2.81952,-0.162976,-0.2398,6,0,1
42.702145,-2.154211,-0.600816,-0.430572,6,0,1
42.736844,-1.874504,-0.558248,-0.292633,6,0,1
42.771542,-2.553948,-0.920806,-0.183751,6,0,1
42.806241,-2.387593,-1.117456,-0.53104,6,0,1
42.835995,-2.341473,-1.376164,-0.990982,6,0,1
42.870663,-0.808158,-2.054092,-0.902974,6,0,1
42.905392,0.274626,-1.860101,-0.558599,7,1,1
42.940091,0.857069,-1.975775,-1.030711,7,1,1
42.969815,1.520873,-1.724083,-0.34332,7,1,1
43.004544,2.024633,-1.338525,0.049659,7,1,1
43.039212,1.984299,-1.191601,-0.174969,7,1,1
43.068966,2.402225,-1.119245,0.265231,7,1,1
43.103686,2.040899,-1.110831,0.572187,7,1,1
43.138354,1.467672,-0.729691,0.102955,7,1,1
43.168109,1.355347,-0.688493,0.339092,7,1,1
43.202808,1.274296,-0.909251,0.146584,7,1,1
43.237506,1.591847,-0.596399,0.186837,7,1,1
43.272205,1.443342,-0.928425,0.331391,7,1,1
43.301959,0.781109,-0.685181,0.666785,7,1,1
43.336658,0.38032,-0.508147,0.652158,7,1,1
43.371356,0.33594,-0.338275,0.55125,7,1,1
43.406055,0.353239,-0.499761,0.198687,7,1,1
43.435779,0.200507,-0.235448,0.141251,7,1,1
43.470508,-0.19848,-0.151953,0.464559,7,1,1
43.505176,-0.175502,-0.049784,0.33222,7,1,1
43.53493,0.003397,0.046324,0.226031,7,1,1
43.569659,-0.159104,0.037762,-0.003861,7,1,1
43.604327,0.130459,0.081801,-0.008665,7,1,1
43.639056,0.108247,0.286756,0.138386,7,1,1
43.66878,-0.094703,0.354552,-0.617101,7,1,1
43.703479,-0.013909,0.579331,-0.029329,7,1,1
43.738177,-0.265872,0.440855,-0.148541,7,1,1
43.772876,0.426261,0.819152,0.34129,7,1,1
43.802631,0.343309,0.904562,0.207272,7,1,1
43.837329,0.713221,0.546688,0.119423,7,1,1
43.872028,1.054754,0.948325,0.432266,7,1,1
43.901752,0.607282,0.580476,-0.155426,7,1,1
43.936481,0.809688,1.112959,-0.037571,7,1,1
43.971149,0.381258,0.96595,-0.019131,7,1,1
44.005878,1.266034,1.117565,-0.230606,7,1,1
44.040576,0.918394,1.249007,-0.521123,7,1,1
44.0703,1.341691,0.986558,-0.977359,7,1,1
44.105015,1.184226,1.339594,-1.020163,7,1,1
44.139683,0.868763,0.724252,-1.640091,7,1,1
44.169438,-0.68925,1.026102,-1.192931,7,1,1
44.204136,-4.850162,-0.194539,-0.99035,7,1,1
44.238835,-10.007795,-1.509934,-1.182392,7,1,1
44.268589,-20.744066,-4.581886,-0.675079,7,1,1
44.303288,-33.239163,-8.915205,1.257463,7,1,1
44.347905,-20.189291,-12.691142,-9.568754,7,1,1
44.372685,-10.938997,-12.980375,-9.948313,7,1,1
44.40244,-9.446107,-19.739008,-13.6644,7,1,1
44.437138,-1.670909,-35.598899,-6.83641,7,1,1
44.471836,33.522479,-39.0989,-0.655837,7,1,1
44.506535,37.717301,-8.379497,-29.015512,7,1,1
44.536259,0.410481,-1.62723,-0.122003,7,1,1
44.570988,31.257547,-3.809852,-3.631333,7,1,1
44.605656,5.552397,-6.43685,-4.044576,7,1,1
44.635411,0.441987,-2.155933,-2.902293,7,1,1
44.67014,-1.130553,1.731811,-0.763563,7,1,1
44.704808,0.998261,-1.384758,0.008826,7,1,1
44.739537,-2.389539,-3.427942,-1.471333,7,1,1
44.769261,-4.306876,-4.741757,-1.336541,7,1,1
44.803959,-1.137561,-8.793365,-1.426647,7,1,1
44.838658,-0.059738,-4.046028,-0.393164,7,1,1
44.873356,-2.518577,-6.217704,-1.182102,7,1,1
44.903111,-3.142318,-4.776779,0.000689,7,1,1
44.937809,-3.109151,-4.025282,-0.557321,7,1,1
44.972508,-2.743826,-3.834419,2.469986,7,1,1
45.002232,-2.327242,-2.630514,0.844927,7,1,1
45.036961,-2.388764,-2.027671,0.786568,7,1,1
45.071629,-0.605377,-1.966257,0.780023,7,1,1
45.106317,0.047386,-1.025859,0.590758,7,1,1
45.136072,-0.523883,-0.359411,-0.257269,7,1,1
45.17074,-0.519285,-0.811485,-0.832549,7,1,1
45.205469,0.23067,-0.743495,-0.584994,7,1,1
45.235193,-0.064685,0.434414,-0.983464,7,1,1
45.269891,-0.204817,1.001976,-2.001671,7,1,1
45.30459,0.331524,0.602005,-2.064358,7,1,1
45.339288,0.305788,1.157902,-1.948432,7,1,1
45.369043,0.287086,1.647462,-2.162639,7,1,1
45.403741,0.518799,1.391326,-2.196527,7,1,1
45.43844,0.872213,1.060792,-2.391963,7,1,1
45.468164,1.392263,1.266569,-2.454948,7,1,1
45.502893,2.075436,1.320224,-2.273069,7,1,1
45.537591,2.088545,-1.057749,-2.074824,7,1,1
45.57229,1.731416,-3.01385,-0.794624,7,1,1
45.606988,0.801394,-1.265214,2.666911,7,1,1
45.636712,-1.739175,-2.316506,3.169891,7,1,1
45.671441,-3.272665,-2.468281,3.18421,7,1,1
45.706109,-1.456495,-0.49039,2.299872,7,1,1
45.735864,-0.457542,-0.856188,0.989685,7,1,1
45.770593,0.179396,-1.674504,0.754721,7,1,1
45.805261,-0.06846,-0.400556,1.060949,7,1,1
45.83999,-0.824705,0.114239,0.615635,7,1,1
45.869714,-0.502533,0.301357,0.495441,7,1,1
45.904413,0.467196,0.938915,0.416062,7,1,1
45.939111,0.876193,0.856201,-0.176285,7,1,1
45.97381,0.789058,0.468342,-0.405539,7,1,1
46.003564,0.798544,0.469174,-0.103768,7,1,1
46.038263,0.466915,0.767018,-0.017348,7,1,1
46.072961,-0.21418,-0.015584,0.297883,7,1,1
46.102694,-0.332742,0.166376,0.505015,7,1,1
46.137423,-0.632669,-0.037324,-0.022218,7,1,1
46.172091,-0.964253,0.010896,-0.372618,7,1,1
46.201846,-1.056081,0.211326,-0.676043,7,1,1
46.236575,-0.91881,0.305184,-0.681722,7,1,1
46.271243,-1.107943,0.539193,-0.832669,7,1,1
46.305972,-1.390547,0.511249,-0.892008,7,1,1
46.335696,-1.227283,0.43063,-0.810745,7,1,1
46.370395,-0.758445,0.312988,-0.858365,7,1,1
46.405093,-0.54965,0.173747,-0.81803,7,1,1
46.439792,-0.315478,0.084049,-0.513571,7,1,1
46.469546,-0.178204,0.053689,-0.378089,7,1,1
46.504245,-0.226235,0.069829,-0.310878,7,1,1
46.538943,0.018563,0.185788,-0.106576,7,1,1
46.568667,-0.027646,0.049796,-0.188265,7,1,1
46.603396,0.057338,0.03494,-0.007881,7,1,1
46.638064,-0.025044,-0.087794,-0.029314,7,1,1
46.672793,-0.17791,0.057037,-0.118692,7,1,1
46.702548,0.001316,-0.157892,-0.065251,7,1,1
46.737216,0.015514,-0.117113,0.197109,7,1,1
46.771945,-0.099269,0.00105,0.105195,7,1,1
46.806613,0.126385,-0.135893,0.031147,7,1,1
46.836367,0.241872,-0.114632,0.077444,7,1,1
46.871096,0.245123,-0.141024,0.067282,7,1,1
46.905764,0.435463,-0.099711,0.074813,7,1,1
46.935519,0.407152,-0.188433,0.119467,7,1,1
46.970218,0.28635,-0.147345,0.124493,7,1,1
47.004916,0.205515,-0.035711,0.070047,7,1,1
47.03464,0.201727,0.060904,0.01322,7,1,1
47.069369,0.16302,0.00323,-0.070263,7,1,1
47.104048,0.091545,0.070122,-0.111608,7,1,1
47.138746,-0.095725,0.050699,-0.155781,7,1,1
47.173445,-0.070937,0.08546,-0.23851,7,1,1
47.203169,0.006953,0.151838,-0.249405,7,1,1
47.237898,-0.093319,0.054046,-0.232924,7,1,1
47.272566,-0.039557,0.040458,-0.251142,7,1,1
47.30232,0.107971,0.002006,-0.105376,7,1,1
47.337049,0.062014,-0.061936,0.126358,7,1,1
47.371717,-0.070049,-0.254492,0.217849,7,1,1
47.401472,-0.137108,-0.192641,0.269104,7,1,1
47.43617,-0.294723,-0.446455,0.243442,7,1,1
47.470869,-0.622535,-0.371005,0.123799,7,1,1
47.505567,-0.963938,-0.101758,-0.368414,7,1,1
47.540266,-1.269506,0.466292,-0.903776,7,1,1
47.570021,-1.428961,0.258168,-1.491526,7,1,1
47.604719,-1.084961,-0.105242,-1.601897,7,1,1
47.639418,-0.531138,-0.065703,-1.417195,7,1,1
47.669142,-0.24998,-0.309573,-1.1925,7,1,1
47.703871,0.706655,-1.004636,-0.956815,7,1,1
47.738539,2.949348,-0.219508,-0.673819,7,1,1
47.768293,4.577963,-0.370997,0.098424,7,1,1
47.803022,3.511187,0.730919,-0.255057,7,1,1
47.83769,17.321842,-3.965251,-2.284,7,1,1
47.867445,-0.771343,-1.979477,7.825384,7,1,1
47.902143,4.042066,-5.295942,-1.137841,7,1,1
47.936842,-4.229323,-0.548623,-1.151653,7,1,1
47.97154,-2.886085,0.525651,-1.339061,7,1,1
48.006239,-0.160793,0.858688,-1.580289,7,1,1
48.035993,0.455323,0.081663,-1.18699,7,1,1
48.070692,0.08028,0.73091,-0.702391,7,1,1
48.105372,-0.985529,-0.483769,-0.902899,7,1,1
48.135097,-1.833257,-0.450308,0.233298,7,1,1
48.169826,-2.106086,-0.470883,0.896187,8,0,1
48.204524,-2.852936,-1.173466,0.160665,8,0,1
48.239223,-2.549086,-0.568851,-0.009223,8,0,1
48.268977,-2.186539,0.254153,-0.276021,8,0,1
48.303645,-2.478334,0.577555,0.130351,8,0,1
48.338374,-2.489012,0.603055,0.338896,8,0,1
48.368098,-2.552423,0.948925,0.408841,8,0,1
48.402797,-2.480008,0.656674,0.97685,8,0,1
48.437526,-1.67923,0.605369,0.841995,8,0,1
48.472194,-0.653063,0.697098,0.775137,8,0,1
48.501948,0.278506,0.675216,0.631974,8,0,1
48.536647,0.811669,-0.064642,0.378096,8,0,1
48.571345,0.999008,-1.045583,0.67175,8,0,1
48.606044,0.91359,-1.450255,0.548162,8,0,1
48.635798,1.329824,-1.738645,0.301399,8,0,1
48.670497,1.937314,-2.414839,-0.967097,8,0,1
48.705195,2.42034,-2.566276,-1.556092,8,0,1
48.739894,3.178509,-2.143892,-0.795128,8,0,1
48.769618,2.390961,-1.68045,-0.916016,8,0,1
48.804347,1.888973,-1.943237,-1.364075,8,0,1
48.839015,2.200199,-1.560189,-0.759531,8,0,1
48.86877,1.638771,-1.479844,-0.792925,8,0,1
48.903499,1.362562,-1.501912,-0.774321,8,0,1
48.938167,1.375933,-0.955084,-0.220581,8,0,1
48.972896,0.779262,-0.699153,-0.212468,8,0,1
49.00262,0.271644,-0.590695,-0.10655,8,0,1
49.037318,-0.490612,-0.601886,-0.068961,8,0,1
49.072017,-0.557507,-0.418732,0.200804,8,0,1
49.106696,-0.264686,-0.270255,0.722888,8,0,1
49.136451,-0.218424,-0.230864,1.035067,8,0,1
49.171149,-0.37509,-0.000616,0.666933,8,0,1
49.205848,-0.029618,-0.1835,0.726273,8,0,1
49.235572,-0.040003,0.571885,0.487384,8,0,1
49.270301,0.192719,0.827589,0.621492,8,0,1
49.304999,-0.124198,0.649072,0.724161,8,0,1
49.334724,-1.578167,0.597772,0.571166,8,0,1
49.369453,-1.059008,0.859885,0.192656,8,0,1
49.404121,-0.943023,0.920041,1.087044,8,0,1
49.43885,0.418397,1.465044,1.323638,8,0,1
49.468574,0.782937,1.208697,0.888238,8,0,1
49.503272,1.098707,1.43657,-0.254989,8,0,1
49.538001,1.494187,1.270097,-0.405383,8,0,1
49.572669,0.934471,2.138685,-1.444901,8,0,1
49.602424,0.451435,2.779644,-1.891159,8,0,1
49.637122,-0.152702,2.92668,-1.797739,8,0,1
49.671821,-1.362423,3.200659,-2.483644,8,0,1
49.701545,-0.55914,3.777241,-2.067394,8,0,1
49.736274,-1.356305,1.833105,-1.383758,8,0,1
49.770972,-5.248365,0.289816,-0.753445,8,0,1
49.805671,-9.072551,-2.429659,1.682523,8,0,1
49.835425,-12.822585,-4.403363,1.866045,8,0,1
49.870093,-20.104661,-6.63469,1.996607,8,0,1
49.904822,-24.477861,-9.458171,-0.358048,8,0,1
49.93949,-12.516701,-15.066768,-0.692032,8,0,1
49.969245,-4.5379,-15.173983,-1.988987,8,0,1
50.003974,-5.623905,-13.144826,-1.905542,8,0,1
50.038642,-0.430866,-19.099567,2.81209,8,0,1
50.068397,24.944293,-25.591043,11.196283,8,0,1
50.10306,51.366306,-10.150441,-16.920101,8,0,1
50.13776,6.320952,-1.942555,-12.532653,8,0,1
50.172458,11.363246,-2.052191,-3.452102,8,0,1
50.202213,9.233715,-5.129961,0.138061,8,0,1
50.236911,-0.792263,-0.205193,-2.503977,8,0,1
50.271609,2.513273,-0.554863,-2.00144,8,0,1
50.306307,4.16974,3.242626,3.069119,8,0,1
50.336032,-0.360162,-1.142576,2.214413,8,0,1
50.370761,-3.228963,-2.414103,0.158278,8,0,1
50.40546,-3.41489,-7.573017,-1.402661,8,0,1
50.435183,0.509834,-8.223146,-0.056274,8,0,1
50.469913,2.259106,-6.075232,1.604141,8,0,1
50.504581,2.185253,-5.834229,0.603325,8,0,1
50.53931,1.517196,-4.690683,0.549792,8,0,1
50.569034,-0.261067,-2.898644,0.331987,8,0,1
50.603732,-2.135806,-3.059737,-1.418428,8,0,1
50.638461,-1.62185,-1.562197,-0.023369,8,0,1
50.67313,-2.25931,-4.303245,-0.259634,8,0,1
50.702884,-2.122662,-2.792111,-0.394177,8,0,1
50.737583,-1.900251,-0.17366,-0.312681,8,0,1
50.772281,-1.671079,-0.512812,-0.461901,8,0,1
50.802036,-0.937441,0.452375,-0.091824,8,0,1
50.836734,-0.638607,1.620825,-0.505768,8,0,1
50.871433,-0.376957,2.072036,-0.964335,8,0,1
50.901157,0.238482,0.986616,-1.064333,8,0,1
50.935885,0.767792,-0.364895,-1.004837,8,0,1
50.970553,1.100489,0.26656,-0.615909,8,0,1
51.005283,1.232215,1.556834,-0.519095,8,0,1
51.039951,0.954688,1.34756,-0.947286,8,0,1
51.069705,0.729582,0.610025,-0.849695,8,0,1
51.104415,0.526123,-0.512219,-0.623348,8,0,1
51.139083,-0.658951,-2.173365,0.099143,8,0,1
51.168838,-1.326878,-2.145424,0.689171,8,0,1
51.203537,-1.191266,-1.519783,1.082818,8,0,1
51.238235,-0.826582,-0.81596,1.321624,8,0,1
51.26799,-1.072175,-0.703362,0.961121,8,0,1
51.302688,-1.63299,-1.195647,0.77447,8,0,1
51.337387,-1.373027,-0.0313,1.122206,8,0,1
51.372085,-1.029976,0.226826,0.678609,8,0,1
51.406784,-0.794793,0.275672,0.241392,8,0,1
51.436508,-0.757296,-0.115501,0.409629,8,0,1
51.471237,-0.61216,-0.105994,0.634724,8,0,1
51.505935,-0.495781,-0.128796,0.881924,8,0,1
51.535659,-0.604876,-0.475164,0.781028,8,0,1
51.570388,-0.671278,0.521962,0.727602,8,0,1
51.605056,-0.735365,0.783631,0.290963,8,0,1
51.634811,-0.457095,0.237284,-0.111691,8,0,1
51.669509,-0.251278,0.116586,-0.185493,8,0,1
51.704208,0.099719,0.033083,0.11316,8,0,1
51.738937,0.362663,-0.302865,0.19847,8,0,1
51.773605,0.821596,-0.013889,-0.012198,8,0,1
51.80336,0.911632,0.55066,-0.117461,8,0,1
51.838058,0.577313,0.467109,-0.292526,8,0,1
51.872757,0.307488,0.016343,-0.267108,8,0,1
51.902511,0.430541,-0.255968,-0.009703,8,0,1
51.93721,0.519515,-0.160669,0.357892,8,0,1
51.971908,0.426904,-0.05066,0.223381,8,0,1
52.001632,0.100366,0.1798,-0.187232,8,0,1
52.036361,-0.145955,0.126092,-0.227892,8,0,1
52.071029,-0.403181,0.002971,-0.060142,8,0,1
52.105768,-0.584542,-0.066579,-0.00963,8,0,1
52.140436,-0.28333,-0.193128,0.232265,8,0,1
52.170191,-0.156534,-0.223299,0.18725,8,0,1
52.20492,-0.17164,-0.116947,-0.136023,8,0,1
52.239588,-0.110815,-0.211218,-0.366876,8,0,1
52.269342,0.089321,-0.349353,-0.332079,8,0,1
52.304041,0.347632,-0.331609,-0.281116,8,0,1
52.338739,0.030176,-0.171479,-0.239997,8,0,1
52.368494,-0.164484,-0.271232,-0.195561,8,0,1
52.403193,0.08279,-0.150098,-0.209136,8,0,1
52.437891,0.219519,-0.115936,-0.110773,8,0,1
52.47259,0.186452,-0.075523,-0.245716,8,0,1
52.507288,0.212594,-0.050323,-0.174539,8,0,1
52.537012,0.342092,-0.127715,-0.231256,8,0,1
52.571741,0.386985,-0.160082,-0.293416,8,0,1
52.60644,0.20094,-0.133836,-0.336141,8,0,1
52.636164,0.336492,0.06607,-0.302331,8,0,1
52.670893,0.562697,0.132191,-0.196995,8,0,1
52.705561,0.528407,0.056653,-0.240003,8,0,1
52.735315,0.33199,0.019961,-0.260797,8,0,1
52.770014,0.097124,-0.023722,-0.291718,8,0,1
52.804712,0.262454,-0.034899,-0.162998,8,0,1
52.834467,0.170872,0.016024,-0.101264,8,0,1
52.869165,-0.020445,0.098599,0.023839,8,0,1
52.903864,-0.119359,-0.056879,-0.104593,8,0,1
52.938562,-0.092997,-0.002726,-0.018117,8,0,1
52.973261,-0.240796,-0.045059,0.124613,8,0,1
53.003016,-0.264915,-0.124762,0.09702,8,0,1
53.037714,-0.0862,-0.036212,-0.025128,8,0,1
53.072413,-0.209138,-0.156856,-0.122622,8,0,1
53.102116,-0.19715,-0.104879,-0.041111,8,0,1
53.136845,-0.293358,0.024955,-0.110578,8,0,1
53.171513,-0.372937,0.197868,-0.351121,8,0,1
53.201267,-0.084717,0.156838,-0.249778,8,0,1
53.235996,0.322711,0.171983,-0.242437,8,0,1
53.270664,0.08887,-0.161574,-0.105938,8,0,1
53.305393,0.016568,-0.174287,-0.100732,8,0,1
53.340061,0.088913,0.011184,-0.081823,8,0,1
53.369816,0.248704,0.069534,-0.160999,8,0,1
53.404514,0.592342,0.097499,-0.160007,8,0,1
53.439213,1.175571,0.034522,-0.241971,8,0,1
53.468967,1.063494,-0.282332,-0.363782,8,0,1
53.503666,0.803201,-0.368529,-0.290363,8,0,1
53.538364,0.439018,-0.269724,-0.152057,8,0,1
53.573063,-0.195298,-0.414428,-0.105121,8,0,1
53.602818,-0.562545,-0.371932,-0.113792,8,0,1
53.637486,-0.55005,-0.408922,-0.473228,8,0,1
53.672215,-0.222826,-0.323543,-0.817419,8,0,1
53.701969,1.137085,-0.120562,-0.607181,8,0,1
53.736637,1.937086,-0.570294,-0.336324,8,0,1
53.771366,1.053479,-0.324051,-0.134447,8,0,1
53.806034,0.280406,-0.710287,0.292162,9,0,1
53.835789,0.359673,-0.951294,-0.200296,9,0,1
53.870518,1.344107,-0.164621,0.209016,9,0,1
53.905186,3.683503,0.457077,-1.767728,9,0,1
53.93494,3.340678,4.805403,-0.401451,9,0,1
53.969639,1.184995,-2.720623,-0.264235,9,0,1
54.004337,-0.963921,-0.210903,0.313963,9,0,1
54.039036,1.069065,-0.459236,1.437974,9,0,1
54.06879,0.8272,-0.944685,1.643368,9,0,1
54.103477,0.43898,-0.790494,-0.637928,9,0,1
54.138175,0.374052,0.394746,-0.718135,9,0,1
54.16793,-0.239309,0.013739,-1.157208,9,0,1
54.202598,-1.386681,-0.27526,-0.673495,9,0,1
54.237327,-2.085556,-0.913115,0.420457,9,0,1
54.271995,-2.68076,-0.820886,0.750266,9,0,1
54.30175,-1.980102,-1.075429,0.759034,9,0,1
54.336479,-1.389855,-1.3467,0.484624,9,0,1
54.371147,-1.678612,-0.449317,0.056118,9,0,1
54.400901,-1.593948,-0.505459,-0.402379,9,0,1
54.4356,-0.598955,-0.120942,-0.256898,9,0,1
54.470298,-0.789689,0.511155,-0.112045,9,0,1
54.504997,-1.101478,0.713864,-0.012238,9,0,1
54.539695,-0.609202,0.694028,0.662957,9,0,1
54.56945,-0.166827,0.673956,0.503164,9,0,1
54.604148,-0.19231,0.416825,0.616419,9,0,1
54.638847,0.591803,0.732882,0.378397,9,0,1
54.668571,1.397911,0.146835,-0.037965,9,0,1
54.7033,1.325009,-0.856076,-0.17327,9,0,1
54.737998,0.932423,-1.018877,-0.27402,9,0,1
54.767723,1.625111,-0.815196,0.342814,9,0,1
54.802452,1.873104,-0.924111,0.761732,9,0,1
54.837119,2.312105,-1.115322,1.207331,9,0,1
54.871849,1.190037,-0.465724,-0.006329,9,0,1
54.906516,2.647862,0.170203,0.386725,9,0,1
54.936271,3.305666,1.004711,-0.058849,9,0,1
54.971,3.137699,1.107819,-0.092846,9,0,1
55.005668,0.670333,1.742888,-0.570344,9,0,1
55.035423,0.18882,1.957273,-0.836233,9,0,1
55.070121,0.146367,1.867666,-0.511016,9,0,1
55.104805,-2.035745,1.776764,-0.594695,9,0,1
55.139503,-0.906203,0.799227,-0.73961,9,0,1
55.169258,-0.394665,0.617565,-0.314617,9,0,1
55.203956,0.080754,1.025178,0.240899,9,0,1
55.238655,1.157825,1.331315,-0.650804,9,0,1
55.273353,2.109831,0.771278,-0.948792,9,0,1
55.303077,1.04773,-0.879759,-0.701915,9,0,1
55.337806,-3.462095,-3.462587,1.120196,9,0,1
55.372474,-10.968211,-7.527817,3.304231,9,0,1
55.402229,-23.464626,-13.158705,4.868505,9,0,1
55.436958,-32.770325,-8.701287,1.023744,9,0,1
55.471626,-19.475619,-9.768221,-4.25731,9,0,1
55.501381,-13.335583,-13.934715,-7.278411,9,0,1
55.536079,-8.646795,-15.645428,-4.820721,9,0,1
55.570778,-6.756801,-28.529411,-6.057359,9,0,1
55.605476,21.500544,-28.019823,-15.112,9,0,1
55.635231,58.10708,-29.848927,-24.67817,9,0,1
55.669929,17.331431,0.034221,-9.883862,9,0,1
55.704628,1.033575,-0.244903,-8.109131,9,0,1
55.739326,-0.6942,-8.169433,-7.987343,9,0,1
55.76905,3.87962,-3.429685,-6.752183,9,0,1
55.803779,8.494516,-1.291053,-2.786356,9,0,1
55.838478,11.304293,-0.443679,3.958604,9,0,1
55.868202,5.966459,-2.167319,1.596357,9,0,1
55.902931,-4.660079,-7.182609,-0.119545,9,0,1
55.937599,-11.255675,-8.636428,1.762599,9,0,1
55.972328,-9.308328,-9.300354,-2.181183,9,0,1
56.002052,-5.716691,-8.292988,-0.708188,9,0,1
56.03675,1.003835,-4.386036,0.757306,9,0,1
56.071479,2.487592,-1.931978,-1.880672,9,0,1
56.106102,-1.263752,-1.777827,-1.738253,9,0,1
56.135857,-1.687359,-0.959027,-1.510624,9,0,1
56.170556,-2.348929,-0.430667,-2.063927,9,0,1
56.205254,-3.040784,-0.612514,-1.130518,9,0,1
56.235009,-1.919482,-1.321321,-0.148666,9,0,1
56.269707,-0.741887,-1.344287,0.267898,9,0,1
56.304406,0.019934,-0.226975,0.387694,9,0,1
56.339104,-0.24197,0.194619,0.36446,9,0,1
56.373803,-1.007518,0.447358,-0.743484,9,0,1
56.403527,-0.587522,1.002003,-1.1194,9,0,1
56.438256,0.089418,0.764641,-1.373394,9,0,1
56.472954,0.453239,0.262005,-1.282211,9,0,1
56.502678,0.940702,-0.119013,-0.982408,9,0,1
56.537407,0.706921,-0.12662,-0.509653,9,0,1
56.572075,0.064269,0.011714,-0.476061,9,0,1
56.60183,0.113954,-0.388208,-0.628943,9,0,1
56.636528,0.64881,-0.409198,-0.453231,9,0,1
56.671227,1.142534,-0.173905,-0.682657,9,0,1
56.700982,1.311806,-0.512168,-0.771945,9,0,1
56.73568,1.668274,-0.565052,-0.389394,9,0,1
56.770379,1.466177,-0.383224,0.145534,9,0,1
56.805077,0.931725,-0.56813,-0.042346,9,0,1
56.839776,-0.048784,-0.348621,-0.218042,9,0,1
56.8695,0.01658,1.299202,0.223945,9,0,1
56.904229,0.162265,2.17685,-0.219397,9,0,1
56.938927,0.103807,2.34109,-0.878798,9,0,1
56.968651,0.074236,0.034521,-1.925479,9,0,1
57.00338,-0.07978,-2.300381,-2.189275,9,0,1
57.038048,-0.131051,-2.044915,0.037409,9,0,1
57.067803,-1.066021,-1.948938,1.301365,9,0,1
57.102519,-1.910497,-1.277793,2.718019,9,0,1
57.137187,-1.874835,0.025102,3.074616,9,0,1
57.171916,-2.042059,0.243443,1.482402,9,0,1
57.206584,-2.506209,0.093165,0.138781,9,0,1
57.236338,-1.665153,0.804106,-0.149067,9,0,1
57.271037,-1.49171,1.178951,0.247797,9,0,1
57.305735,-2.126163,0.71449,0.512967,9,0,1
57.33549,-2.04032,1.311442,1.205216,9,0,1
57.370189,-2.620394,1.506606,0.549015,9,0,1
57.404887,-2.91514,1.496746,0.566858,9,0,1
57.439586,-3.782061,0.99492,0.089949,9,0,1
57.46934,-4.055252,0.378357,-1.026711,9,0,1
57.504008,-2.314435,0.089496,-0.265495,9,0,1
57.538737,-0.047776,-0.000804,0.244801,9,0,1
57.573436,1.267668,-0.318222,0.43362,9,0,1
57.60316,1.609462,-0.129783,1.069162,9,0,1
57.637889,2.417023,0.566754,1.039188,9,0,1
57.672557,2.934975,1.60311,1.270541,9,0,1
57.702311,2.389556,2.214916,0.626799,9,0,1
57.73701,1.46359,1.22207,-0.75105,9,0,1
57.771708,0.360672,-2.714381,-1.922475,9,0,1
57.801463,1.205229,0.958796,-0.464202,9,0,1
57.836161,-0.434616,0.300879,-0.771696,9,0,1
57.87086,-2.293578,-0.690021,-0.210295,9,0,1
57.905558,-2.571029,0.715182,0.27684,9,0,1
57.940257,-3.277451,1.860057,-0.121422,9,0,1
57.970012,-1.451209,2.085737,-0.60289,9,0,1
58.00471,0.368809,1.642496,-0.779274,9,0,1
58.039409,6.503332,-3.023604,3.461562,9,0,1
58.069133,7.275825,-3.204307,4.515652,9,0,1
58.10385,9.445241,-6.586723,7.521669,9,0,1
58.138518,-3.83208,-2.641661,-6.419857,9,0,1
58.168272,-2.202,-0.320211,-0.025066,9,0,1
58.203001,-0.281914,0.208933,-2.118473,9,0,1
58.237669,-1.110842,1.186446,-0.216452,9,0,1
58.272398,-1.779253,-0.111991,-0.857311,9,0,1
58.302122,-2.910377,0.415562,-1.219878,9,0,1
58.336821,-2.435218,0.903269,-1.010157,9,0,1
58.371519,-2.16606,1.163744,-0.610155,9,0,1
58.406218,-2.500813,0.217104,-0.120198,9,0,1
58.435972,-2.840966,0.279588,-0.060566,9,0,1
58.470671,-3.08511,1.028816,0.290485,10,0,1
58.505369,-3.301659,0.588501,0.859025,10,0,1
58.535094,-3.155231,-0.000166,0.66839,10,0,1
58.569823,-2.331025,0.131687,1.238984,10,0,1
58.604491,-2.110153,-0.354186,0.616321,10,0,1
58.634245,-1.741188,-0.238142,0.373025,10,0,1
58.668974,-0.839985,-1.261425,0.422555,10,0,1
58.703642,-0.53198,-1.297193,-0.128211,10,0,1
58.738371,-0.406712,-0.398947,0.780359,10,0,1
58.773039,-0.200648,-0.457183,0.821575,10,0,1
58.802794,-0.091047,-0.763664,0.676729,10,0,1
58.837523,-0.616139,-0.92183,0.910786,10,0,1
58.872191,-0.778364,-1.30952,0.235248,10,0,1
58.901945,0.13298,-1.341344,-0.100239,10,0,1
58.936644,-0.073183,-1.222243,-0.350787,10,0,1
58.971342,-0.026396,-1.753307,0.362972,10,0,1
59.006041,0.843338,-1.515951,0.780554,10,0,1
59.040739,1.340437,-1.420162,1.181926,10,0,1
59.070494,2.148548,-1.102892,1.240623,10,0,1
59.105172,2.468165,-0.904852,1.00649,10,0,1
59.139871,1.620438,-0.312015,0.245151,10,0,1
59.169595,1.483647,0.329793,-0.662482,10,0,1
59.204324,1.881084,0.481024,-0.079445,10,0,1
59.238992,1.221748,0.272977,-0.472783,10,0,1
59.268747,0.772054,0.12762,-0.31229,10,0,1
59.303476,0.835282,0.286061,-0.158034,10,0,1
59.338144,0.717998,0.358214,-0.112213,10,0,1
59.367898,0.408696,0.409126,-0.0028,10,0,1
59.402597,0.352635,0.182609,0.073607,10,0,1
59.437295,0.234818,0.319348,0.309449,10,0,1
59.471994,-0.218603,0.010621,0.329493,10,0,1
59.506692,-0.148869,0.34807,0.370078,10,0,1
59.536447,-0.259231,0.554309,0.162887,10,0,1
59.571145,-0.196206,0.430653,-0.140504,10,0,1
59.605844,-0.054828,0.337697,-0.289794,10,0,1
59.635568,-0.135908,0.268436,-0.028796,10,0,1
59.670297,-0.173913,0.401519,-0.068459,10,0,1
59.704995,-0.122801,0.492494,-0.023444,10,0,1
59.739694,0.072745,0.248161,0.117024,10,0,1
59.769449,0.265868,-0.011454,-0.08569,10,0,1
59.804117,0.161937,-0.211593,0.171438,10,0,1
59.838846,0.098971,-0.193538,0.048973,10,0,1
59.873514,0.087974,-0.326591,0.041225,10,0,1
59.903268,0.009203,-0.325117,0.15729,10,0,1
59.937997,-0.0124,-0.300761,0.090353,10,0,1
59.972665,0.119791,-0.140934,0.056973,10,0,1
60.00242,0.173351,-0.160104,0.246785,10,0,1
60.037118,0.196711,-0.185964,0.264507,10,0,1
60.071817,0.36005,0.045052,0.270735,10,0,1
60.101559,0.556656,0.012545,0.289232,10,0,1
60.136258,1.145714,0.094367,0.669178,10,0,1
60.170956,2.044613,0.797441,0.852433,10,0,1
60.20068,2.244109,0.700153,0.64769,10,0,1
60.235409,2.520585,0.314273,0.568332,10,0,1
60.270077,2.201343,0.660803,0.293584,10,0,1
60.304806,0.908531,0.463139,0.119201,10,0,1
60.339505,0.926724,0.922202,-0.10768,10,0,1
60.369229,-0.041659,1.050039,-1.121251,10,0,1
60.403958,-0.467259,1.039333,-1.371737,10,0,1
60.438626,-1.106543,2.453934,-1.202664,10,0,1
60.468381,-1.292067,1.724516,-1.26937,10,0,1
60.503079,-1.676775,1.437375,-1.515936,10,0,1
60.537778,-1.878919,2.06159,-1.557663,10,0,1
60.567532,-1.854343,1.344689,-1.112185,10,0,1
60.602231,-3.410336,0.196952,-0.459643,10,0,1
60.636929,-7.239134,-0.927275,-0.653681,10,0,1
60.671628,-8.305966,-2.629255,0.500501,10,0,1
60.706326,-14.065479,-6.335554,1.386525,10,0,1
60.736081,-21.776404,-8.723388,1.315553,10,0,1
60.770779,-30.440043,-8.822455,1.474083,10,0,1
60.805478,-14.252989,-15.890729,-6.12048,10,0,1
60.835202,-4.777146,-17.34972,-11.528426,10,0,1
60.869931,1.149338,-19.514887,-6.621343,10,0,1
60.904599,10.07589,-20.97695,-6.089998,10,0,1
60.939328,32.412339,-36.473438,-4.776018,10,0,1
60.969083,45.669876,-8.240379,-14.033179,10,0,1
61.003751,10.093452,-3.675063,-8.699915,10,0,1
61.03848,5.939528,-2.969533,-8.920605,10,0,1
61.073148,6.745612,-3.557021,-4.462645,10,0,1
61.10289,2.567897,0.728241,-2.122012,10,0,1
61.137589,0.119498,-0.524571,2.356688,10,0,1
61.172287,-3.370554,-6.62896,1.339567,10,0,1
61.202042,-6.859975,-6.747764,1.838568,10,0,1
61.23674,-5.964291,-2.811755,1.224042,10,0,1
61.271439,-3.904871,-4.690159,0.198739,10,0,1
61.306137,-2.338697,-5.839366,-1.034707,10,0,1
61.335892,-1.419715,-5.176648,-0.392023,10,0,1
61.37056,-1.264048,-1.243664,-0.777507,10,0,1
61.405289,-2.482258,-0.946506,-1.163173,10,0,1
61.439987,-1.96471,-1.061985,-0.890571,10,0,1
61.469711,-1.654581,-0.689814,-0.04335,10,0,1
61.50444,-1.549706,-1.632658,0.264573,10,0,1
61.539108,-1.337886,-1.543556,-0.255484,10,0,1
61.568863,-0.671516,-1.176063,0.185606,10,0,1
61.603592,-0.135928,-0.713816,0.178634,10,0,1
61.63826,0.204667,0.020677,-1.110681,10,0,1
61.668015,0.900929,-0.117478,-1.546256,10,0,1
61.702713,1.57434,-0.434809,-1.765668,10,0,1
61.737412,2.058364,-0.315038,-2.002878,10,0,1
61.77211,2.40255,-0.682853,-1.685851,10,0,1
61.806809,1.907686,-0.467042,-0.874099,10,0,1
61.836563,1.649188,0.304694,-0.800879,10,0,1
61.871262,1.637091,0.245118,-1.038759,10,0,1
61.90596,1.668849,-0.819968,-0.455352,10,0,1
61.935684,1.135088,-0.76803,0.41233,10,0,1
61.970413,0.166159,-0.108432,1.192066,10,0,1
62.005081,-0.5579,-0.303246,1.815384,10,0,1
62.034836,-0.438288,-0.34378,2.231723,10,0,1
62.069565,-0.708766,-0.394116,2.257105,10,0,1
62.104214,-1.320151,-0.942193,1.637689,10,0,1
62.138943,-0.907979,-0.604904,1.35605,10,0,1
62.173611,-0.344532,-0.706939,1.215365,10,0,1
62.203366,-0.233952,-0.043532,1.203248,10,0,1
62.238064,-0.443472,0.447772,1.217807,10,0,1
62.272763,-0.420139,0.767602,1.060428,10,0,1
62.302517,-0.124499,0.939377,0.852845,10,0,1
62.337216,-0.230673,0.560815,0.314833,10,0,1
62.371914,-0.327918,0.164841,-0.28201,10,0,1
62.401638,-0.027819,-0.498764,-0.377544,10,0,1
62.436367,0.257404,-0.293141,0.077469,10,0,1
62.471066,0.068478,0.065659,-0.056252,10,0,1
62.50079,-0.051588,0.249454,-0.312094,10,0,1
62.535519,-0.101478,0.556079,-0.635744,10,0,1
62.570187,-0.362689,0.372104,-1.03934,10,0,1
62.604916,-0.591872,0.212236,-1.232598,10,0,1
62.639584,-0.93415,0.4322,-1.335873,10,0,1
62.669338,-1.182823,0.467924,-1.23053,10,0,1
62.704067,-1.29406,0.685841,-1.088565,10,0,1
62.738735,-1.458178,0.810767,-1.06368,10,0,1
62.76849,-1.561842,0.845915,-1.041721,10,0,1
62.803189,-1.53652,0.688997,-1.028429,10,0,1
62.837887,-0.833654,0.11185,-0.526146,10,0,1
62.867642,-0.294213,-0.15276,-0.251972,10,0,1
62.90234,-0.119686,-0.15835,-0.077863,10,0,1
62.937039,-0.434024,-0.408819,-0.040746,10,0,1
62.971737,-0.569301,-0.572358,0.305829,10,0,1
63.006436,-0.755341,-0.422164,0.744407,10,0,1
63.03616,-0.999357,-0.316981,0.625998,10,0,1
63.070889,-1.056224,-0.229758,0.225588,10,0,1
63.105575,-0.456816,-0.070361,-0.001362,10,0,1
63.135299,0.01788,-0.02961,-0.121281,10,0,1
63.170028,0.173488,0.06122,-0.142735,10,0,1
63.204696,0.183397,0.052566,-0.107312,10,0,1
63.234451,0.062423,-0.017134,-0.110272,10,0,1
63.269149,-0.007479,0.04086,-0.05298,10,0,1
63.303848,0.113891,0.021023,0.044122,10,0,1
63.338577,0.329475,0.000455,-0.07706,10,0,1
63.373245,0.533942,0.074664,-0.099703,10,0,1
63.403,0.735014,-0.119762,-0.109162,10,0,1
63.437698,0.938012,-0.14714,-0.052495,10,0,1
63.472397,1.002003,-0.06157,-0.055712,10,0,1
63.502151,0.96816,-0.187687,0.012344,10,0,1
63.53685,0.83558,-0.155501,0.038006,10,0,1
63.571548,0.761942,-0.349929,0.287688,10,0,1
63.606247,0.658908,-0.390404,0.556181,10,0,1
63.636001,0.345281,-0.418931,0.350161,10,0,1
63.670669,0.234794,-0.156675,0.338507,10,0,1
63.705398,0.187973,-0.023278,0.077385,10,0,1
63.740097,0.187553,0.039062,-0.24796,10,0,1
63.769821,0.22168,0.099955,-0.225564,10,0,1
63.80455,0.372718,0.104339,-0.137887,10,0,1
63.839218,0.41404,0.175296,-0.059726,10,0,1
63.868972,0.203794,0.004918,-0.004194,10,0,1
63.903671,0.142457,0.01414,0.062751,10,0,1
63.938369,0.084755,0.034746,-0.073209,10,0,1
63.968124,0.070051,0.09325,-0.135005,10,0,1
64.002823,0.017822,-0.205752,0.139435,10,0,1
64.037521,-0.368791,-0.16526,-0.052292,10,0,1
64.07222,-0.500565,0.225455,-0.3592,10,0,1
64.101956,-0.327822,0.067248,-0.403077,10,0,1
64.136624,-0.365167,0.04784,-0.633358,10,0,1
64.171353,-0.649536,0.226443,-0.794397,10,0,1
64.206052,-0.382633,0.141081,-1.249155,10,0,1
64.235776,0.221407,0.232814,-0.906349,10,0,1
64.270505,0.828942,-0.054492,-0.621383,10,0,1
64.305173,1.162621,-0.928277,-0.351196,10,0,1
64.334927,1.045996,-0.242236,0.76011,10,0,1
64.369656,0.467667,-1.277033,0.497596,10,0,1
64.404324,0.819012,-0.324213,0.122211,10,0,1
64.439053,9.404396,-1.834795,2.818572,10,0,1
64.468777,3.548669,3.197223,-1.826535,10,0,1
64.503476,1.899432,-2.901151,-0.637038,10,0,1
64.538174,-0.255576,-1.495693,-1.242704,10,0,1
64.572873,-1.238421,0.569662,-0.545532,10,0,1
64.602628,-0.169206,0.269075,-0.183116,10,0,1
64.637326,0.438244,-1.383192,-0.280091,10,0,1
64.672025,0.281651,-0.385836,-0.507344,10,0,1
64.701749,0.087049,0.201979,-0.905007,10,0,1
64.736478,-0.14204,0.054956,-1.238908,10,0,1
64.771146,0.133342,0.051708,-1.271855,10,0,1
64.805875,0.310215,0.038106,-1.069087,10,0,1
64.835629,0.414162,0.489169,-1.018913,10,0,1
64.870297,0.315662,0.132164,-0.82816,10,0,1
64.905026,-0.142606,-0.323024,-0.857054,10,0,1
64.939694,-0.374238,0.260685,-0.672189,10,0,1
64.969449,-0.364468,-0.362004,-0.296422,10,0,1
65.004178,-0.353963,-0.4792,0.081781,10,0,1
65.038846,-0.560595,-0.494899,0.100998,10,0,1
65.0686,-0.747574,-0.507567,0.309194,10,0,1
65.103294,-0.928267,-0.27352,0.273063,10,0,1
65.137992,-1.028096,-0.064173,0.057,10,0,1
65.167717,-0.9949,0.051716,-0.033843,10,0,1
65.202446,-0.911515,0.104803,0.033166,10,0,1
65.237144,-1.027574,-0.03765,-0.018632,10,0,1
65.271843,-0.98045,0.054048,-0.097263,10,0,1
65.306541,-0.523889,-0.034401,-0.022005,10,0,1
65.336265,-0.334634,-0.032176,0.02635,10,0,1
65.370994,-0.128767,-0.034261,0.118697,10,0,1
65.405662,-0.064786,-0.185404,0.214303,10,0,1
65.435417,-0.132705,-0.023802,0.04107,10,0,1
65.470146,-0.124688,0.001408,-0.124378,10,0,1
65.504814,0.147808,-0.20013,-0.017454,10,0,1
65.534568,0.115711,-0.07368,-0.106344,10,0,1
65.569267,0.090406,0.148885,-0.241911,10,0,1
65.603965,0.395321,-0.111643,-0.207217,10,0,1
65.638694,0.312443,-0.074765,-0.099093,10,0,1
65.673362,0.025758,-0.064014,-0.044393,10,0,1
65.703117,0.04635,-0.24338,0.026789,10,0,1
65.737815,0.084504,-0.371131,0.165879,10,0,1
65.772514,0.196592,-0.204314,0.182003,10,0,1
65.802238,0.325122,-0.344431,0.160631,10,0,1
65.836967,0.358445,-0.285512,0.129851,10,0,1
65.871666,0.610008,-0.445983,-0.008372,10,0,1
65.90139,0.672005,-0.27772,0.013516,10,0,1
65.936119,0.635058,-0.07106,-0.004323,10,0,1
65.970787,0.31718,0.017219,0.088532,10,0,1
66.005516,0.069345,0.105064,0.252309,10,0,1
66.03524,0.030436,-0.029632,0.266976,10,0,1
66.069938,0.177779,0.05092,0.226672,10,0,1
66.104644,0.297173,0.210326,0.118197,10,0,1
66.134368,0.298836,0.333648,0.0729,10,0,1
66.169067,0.097771,0.395341,0.076042,10,0,1
66.203765,-0.067319,0.360174,0.020169,10,0,1
66.238464,-0.072198,0.566397,0.036975,10,0,1
66.268218,-0.07382,0.501692,-0.037266,10,0,1
66.302917,-0.188939,0.332012,-0.026564,10,0,1
66.337615,-0.171791,0.418701,0.179173,10,0,1
66.36734,-0.260912,0.268068,0.045152,10,0,1
66.402069,-0.471489,0.421771,0.072882,10,0,1
66.436736,-0.71596,0.318674,0.202983,10,0,1
66.471465,-0.60517,0.091547,0.423197,10,0,1
66.506164,-0.345387,0.128429,0.523499,10,0,1
66.535888,-0.390264,0.27789,0.491403,10,0,1
66.570617,-0.574563,0.366424,0.348822,10,0,1
66.605285,-0.536893,0.57914,0.074293,10,0,1
66.63504,-0.246495,0.379248,-0.144927,10,0,1
66.669738,-0.203228,0.634992,-0.080518,10,0,1
66.704437,-0.138856,0.204692,0.12753,10,0,1
66.739166,0.266858,-0.268916,0.353052,10,0,1
66.76889,0.31088,-0.308503,0.61043,10,0,1
66.803588,0.278814,-0.647607,-0.139846,10,0,1
66.838287,0.399067,-0.208024,-0.415788,10,0,1
66.872985,0.744539,0.50655,0.052766,10,0,1
66.90274,0.385251,0.560383,-0.054469,10,0,1
66.937438,0.224283,0.037709,-0.121316,10,0,1
66.972137,0.278092,0.15899,-0.086146,10,0,1
67.001861,0.360352,0.10034,0.103887,10,0,1
67.03659,0.591784,-0.526198,0.230235,10,0,1
67.071258,0.759478,-0.489993,0.415321,10,0,1
67.105977,0.751059,-0.113125,0.127937,10,0,1
67.135732,0.71228,-0.285166,-0.383243,10,0,1
67.1704,0.584173,-0.18035,-0.292311,10,0,1
67.205129,0.499066,0.126984,-0.11597,10,0,1
67.239797,0.171287,-0.02133,-0.492255,10,0,1
67.269551,0.339238,0.026141,-0.689815,10,0,1
67.30425,0.565996,0.183974,-0.542853,10,0,1
67.338948,0.342792,0.26099,-0.705857,10,0,1
67.368703,0.171947,-0.200749,-0.98106,10,0,1
67.403401,0.113936,-0.863556,-1.236782,10,0,1
67.4381,0.579513,-0.97878,-1.117744,10,0,1
67.467824,0.88248,-0.852266,-0.894284,10,0,1
67.502553,0.918486,-0.626185,-0.504754,10,0,1
67.537251,0.379962,0.124448,-0.262853,10,0,1
67.57195,-0.000431,0.358653,-0.391752,10,0,1
67.606648,-0.155729,0.299198,-0.742179,10,0,1
67.636372,-0.023655,0.004631,-0.913226,10,0,1
67.671101,0.075279,-0.249192,-0.922362,10,0,1
67.705769,0.07722,0.126842,-0.478192,10,0,1
67.735524,-0.102948,-0.275228,-0.400682,10,0,1
67.770253,-0.078268,-0.25672,-0.016332,10,0,1
67.804921,0.119129,-0.236797,0.293818,10,0,1
67.834676,-0.065595,-0.045969,0.218656,10,0,1
67.869374,-0.165922,0.477754,0.027769,10,0,1
67.909047,-0.016543,0.159415,-0.318862,10,0,1
67.938771,0.321321,0.005781,-0.381579,10,0,1
67.97347,0.467352,-0.294105,-0.213702,10,0,1
68.003224,0.487431,-0.243364,-0.213366,10,0,1
68.037923,0.358636,0.216493,-0.155421,10,0,1
68.072621,0.273296,-0.195472,0.317653,10,0,1
68.102333,-0.43336,0.281809,-0.051963,10,0,1
68.137062,-0.427061,-0.244633,-0.49128,10,0,1
68.171761,0.199142,0.462051,-0.043477,10,0,1
68.201485,-0.628505,-0.13653,-0.046794,10,0,1
68.236214,-0.689701,0.019412,-0.079884,10,0,1
68.270882,-0.228446,0.242686,0.05945,10,0,1
68.305611,-0.155908,0.098614,0.360758,10,0,1
68.335335,-0.14575,0.022966,0.509054,10,0,1
68.370034,-0.170906,0.15926,0.305231,10,0,1
68.404763,-0.284738,0.070257,0.00982,10,0,1
68.439431,-0.032704,0.344604,0.186023,10,0,1
68.469185,-0.093438,0.151015,0.06816,10,0,1
68.503884,0.363787,0.118584,-0.38052,10,0,1
68.543557,-0.098809,0.09111,0.268945,10,0,1
68.568337,-0.583456,0.121545,0.400776,10,0,1
68.603035,-0.350775,-0.011806,0.644889,10,0,1